,keyword,count
0,–,5460
1,corona,5150
2,mehr,5058
3,corona-krise,4322
4,deutschland,3619
5,viel,3505
6,geben,3129
7,menschen,2987
8,wegen,2933
9,deutsch,2911
10,corona-pandemie,2871
11,gehen,2797
12,werden,2787
13,gut,2621
14,groß,2522
15,neue,2465
16,kommen,2461
17,pandemie,2415
18,neu,2322
19,sagen,2163
20,sollen,2141
21,sein,2063
22,seit,2040
23,erst,1999
24,coronavirus,1983
25,wenig,1962
26,,1947
27,trump,1922
28,schon,1796
29,stehen,1777
30,bleiben,1697
31,weit,1620
32,dürfen,1618
33,machen,1588
34,ab,1576
35,müssen,1543
36,jahr,1520
37,immer,1462
38,hoch,1432
39,steigen,1415
40,krise,1411
41,euro,1359
42,zeigen,1350
43,wer,1334
44,sehen,1326
45,millionen,1325
46,zeit,1324
47,fordern,1318
48,zwei,1307
49,zahl,1292
50,warum,1286
51,trotzen,1262
52,regierung,1213
53,virus,1208
54,eu,1198
55,wichtig,1194
56,halten,1182
57,prozent,1168
58,unternehmen,1148
59,land,1147
60,merkel,1142
61,fragen,1133
62,stellen,1131
63,leben,1127
64,lang,1125
65,folgen,1113
66,lockdown,1111
67,lage,1051
68,stark,1049
69,usa,1047
70,ende,1040
71,melden,1032
72,können,1019
73,sprechen,1014
74,impfstoff,1004
75,deutlich,992
76,zurück,962
77,beim,960
78,welt,948
79,laut,940
80,woche,925
81,finden,917
82,präsident,913
83,gelten,911
84,lassen,910
85,länder,906
86,drei,903
87,liegen,895
88,warnen,891
89,china,889
90,donald,885
91,schulen,880
92,fast,877
93,dabei,874
94,helfen,866
95,berlin,865
96,jahren,858
97,nehmen,857
98,wirtschaft,840
99,ganz,833
100,schwer,832
101,möglich,832
102,hessen,827
103,erste,826
104,neuinfektionen,821
105,spahn,820
106,frankfurt,817
107,biden,817
108,milliarden,816
109,bundesregierung,814
110,schließen,813
111,kinder,808
112,treffen,807
113,mal,785
114,bund,772
115,coronakrise,771
116,dafür,766
117,setzen,766
118,besonders,765
119,impfen,763
120,alt,762
121,kampf,762
122,europa,759
123,geld,745
124,wochen,743
125,gerade,743
126,politik,739
127,bringen,732
128,polizei,722
129,zahlen,710
130,biontech,706
131,bekommen,705
132,tun,695
133,infizieren,690
134,sorgen,689
135,kritik,680
136,2020,673
137,arbeiten,667
138,erklären,658
139,mehrer,638
140,testen,637
141,planen,633
142,kaum,633
143,cdu,629
144,jahre,627
145,nächst,627
146,zweit,623
147,lässt,617
148,stadt,616
149,vergangen,616
150,tag,612
151,drohen,612
152,rki,608
153,brauchen,603
154,hart,601
155,johnson,600
156,maßnahmen,592
157,zeiten,590
158,positiv,587
159,rund,585
160,bald,584
161,bereits,582
162,sterben,580
163,heute,578
164,öffnen,574
165,bayern,573
166,schnellen,568
167,früh,566
168,nie,565
169,großbritannien,563
170,ministerpräsident,562
171,derzeit,561
172,haben,555
173,beginnen,553
174,erwarten,552
175,statt,549
176,angst,544
177,kritisieren,543
178,joe,534
179,fünf,523
180,streit,518
181,verlieren,517
182,angela,517
183,corona-maßnahmen,515
184,kurz,514
185,söder,511
186,italien,510
187,laufen,505
188,studie,495
189,schlecht,492
190,ziehen,491
191,vier,491
192,spd,489
193,offenbaren,487
194,staaten,486
195,amerika,486
196,astrazeneca,485
197,erhalten,484
198,frankreich,478
199,covid-19,477
200,sinken,477
201,2021,476
202,davon,475
203,arbeit,474
204,bisher,473
205,entscheiden,472
206,etwa,472
207,rechnen,470
208,meist,467
209,eigentlich,466
210,homeoffice,464
211,lockerungen,462
212,tot,461
213,öffentlich,460
214,regeln,459
215,spielen,459
216,nutzen,457
217,zukunft,457
218,sogar,457
219,quarantäne,453
220,ländern,452
221,trumps,452
222,hause,448
223,märz,448
224,stunden,446
225,robert,444
226,jens,443
227,aktuell,442
228,wohl,442
229,union,441
230,frankfurter,441
231,der,437
232,fahren,432
233,allerdings,429
234,heißen,425
235,wachsen,425
236,beginn,423
237,grün,423
238,erstmals,422
239,frauen,422
240,verschärfen,421
241,feiern,420
242,maskenpflicht,420
243,monaten,419
244,verändern,418
245,zweite,418
246,trotzdem,415
247,eltern,415
248,dennoch,414
249,außerdem,414
250,staat,409
251,jung,409
252,tagen,408
253,weltweit,405
254,eigen,404
255,wahl,402
256,berliner,399
257,kanzlerin,399
258,führen,398
259,fest,396
260,tragen,395
261,klein,393
262,zehn,392
263,verbieten,391
264,einfach,390
265,knapp,390
266,interview,387
267,sichern,387
268,fällen,387
269,wissen,386
270,pfizer,384
271,deshalb,383
272,hamburg,382
273,gemeinsam,382
274,corona-neuinfektionen,381
275,erreichen,379
276,lernen,379
277,kosten,377
278,mann,377
279,steigend,377
280,offen,376
281,corona-impfstoff,376
282,bürger,375
283,bundestag,375
284,hilfe,375
285,angesichts,373
286,ändern,373
287,corona-infektionen,373
288,erneut,372
289,fehlen,371
290,mai,370
291,hoffen,369
292,laschet,369
293,weiß,367
294,tage,366
295,april,366
296,starten,363
297,hoffnung,362
298,wirklich,362
299,montag,362
300,mitarbeiter,362
301,kommend,360
302,zuvor,356
303,gespräch,356
304,the,355
305,suchen,354
306,morgen,354
307,europäisch,354
308,richtig,353
309,recht,350
310,politiker,350
311,verschieben,349
312,berichten,348
313,beschließen,348
314,infektionszahlen,347
315,russland,346
316,online,345
317,leiden,345
318,kämpfen,344
319,legen,344
320,reisen,344
321,bundeskanzlerin,343
322,scholz,343
323,fallen,343
324,darüber,342
325,künftig,342
326,new,342
327,bislang,340
328,betreffen,340
329,tages,340
330,corona-regeln,340
331,politisch,339
332,tausende,338
333,wirtschaftlich,337
334,scheinen,336
335,fall,336
336,versuchen,335
337,erzählen,335
338,wellen,335
339,schaffen,334
340,oft,334
341,schützen,334
342,corona-fälle,333
343,jedoch,333
344,hören,332
345,partei,332
346,spät,332
347,allein,331
348,retten,331
349,lieb,330
350,stimmen,330
351,genau,329
352,gesundheitsminister,329
353,zudem,329
354,zuletzt,329
355,grund,326
356,leicht,324
357,dagegen,324
358,deutschlands,323
359,europäische,322
360,gar,322
361,haus,321
362,anfang,321
363,ja,320
364,schreiben,320
365,beid,320
366,reagieren,319
367,klaren,318
368,dritt,318
369,verlängern,316
370,britische,316
371,grenzen,315
372,gefährlich,315
373,schlimm,315
374,warten,314
375,darauf,314
376,profitieren,314
377,teilen,313
378,lockern,312
379,frau,312
380,schnell,312
381,digital,310
382,sommer,309
383,werfen,308
384,schüler,308
385,wann,307
386,kündigen,305
387,weihnachten,305
388,boris,304
389,verhindern,303
390,bedeuten,302
391,todesfälle,302
392,schlagen,302
393,fälle,301
394,mittwoch,301
395,juni,301
396,gewinnen,300
397,weiterhin,300
398,falsch,300
399,gesundheitsämter,300
400,vereinigen,299
401,junge,298
402,glauben,297
403,gesellschaft,296
404,abend,296
405,markus,294
406,bahn,294
407,ansteigen,294
408,20,294
409,absagen,293
410,erleben,292
411,infektionen,292
412,probleme,291
413,problem,291
414,österreich,291
415,streng,291
416,beschäftigen,290
417,impfungen,290
418,sechs,289
419,innerhalb,289
420,druck,289
421,spanien,288
422,präsidenten,288
423,gefahr,288
424,einschränkungen,287
425,behörden,286
426,afd,284
427,denken,284
428,endlich,284
429,bestätigen,283
430,maske,283
431,frei,282
432,stattfinden,281
433,tests,280
434,30,278
435,samstag,278
436,umgang,277
437,geplant,277
438,wirken,277
439,letzt,276
440,voll,276
441,mitte,276
442,schule,276
443,registrieren,276
444,blick,276
445,fürchten,275
446,reichen,275
447,kurzarbeit,274
448,lufthansa,274
449,niemand,273
450,gericht,272
451,50,272
452,monate,272
453,rufen,271
454,brechen,271
455,verzeichnen,271
456,100,270
457,sieben,269
458,angaben,269
459,mögen,268
460,corona-tests,268
461,bevölkerung,267
462,kitas,267
463,januar,267
464,debatte,267
465,corona-zeiten,266
466,bereiten,264
467,sonntag,263
468,teil,262
469,impfung,261
470,pro,260
471,dollar,260
472,plötzlich,259
473,umfrage,259
474,je,259
475,ministerpräsidenten,259
476,unterstützen,259
477,stecken,259
478,vorerst,258
479,gewalt,258
480,abstand,257
481,moderna,257
482,daran,256
483,fühlen,256
484,daten,256
485,entscheidung,254
486,chef,254
487,proteste,254
488,masken,253
489,per,253
490,15,253
491,coronapandemie,253
492,covid19,252
493,wochenende,251
494,situation,251
495,binnen,250
496,wert,250
497,jahres,249
498,funktionieren,249
499,wählen,248
500,polen,247
501,versprechen,247
502,zusammen,246
503,geschichte,246
504,dringen,246
505,dienstag,244
506,israel,244
507,bundesländer,242
508,bekennen,242
509,gastbeitrag,242
510,eu-kommission,241
511,mindestens,241
512,ärzte,240
513,zulassen,240
514,lehrer,240
515,schutz,238
516,freitag,238
517,genug,237
518,schwierig,237
519,1,236
520,erlauben,235
521,koch-institut,235
522,umstritten,235
523,rückkehr,235
524,unterstützung,235
525,handeln,234
526,entwickeln,234
527,dosen,234
528,bieten,233
529,familien,233
530,chance,233
531,forscher,233
532,hamburger,232
533,triefen,232
534,bundesgesundheitsminister,232
535,corona-politik,232
536,langsam,231
537,geraten,230
538,scharf,230
539,patienten,228
540,ernst,228
541,münchen,228
542,amerikanische,228
543,nennen,227
544,normalität,226
545,grüne,226
546,scheitern,226
547,inzwischen,224
548,liefern,224
549,teuer,223
550,diskutieren,222
551,spiel,222
552,demonstrieren,222
553,insgesamt,221
554,beraten,220
555,york,220
556,curevac,220
557,kaufen,219
558,zufolge,219
559,vorbei,218
560,sitzen,218
561,äußern,218
562,global,218
563,männer,218
564,zulassung,218
565,stoppen,217
566,entwicklung,217
567,verhängen,217
568,who,216
569,macron,216
570,familie,215
571,koalition,215
572,erhöhen,215
573,frühjahr,215
574,passieren,214
575,klagen,214
576,vergleich,214
577,opposition,213
578,fdp,213
579,pressekonferenz,213
580,herbst,213
581,rolle,212
582,weisen,212
583,dezember,211
584,amerikanisch,211
585,vielleicht,210
586,privat,210
587,europas,210
588,plan,210
589,24,209
590,einsatz,209
591,acht,209
592,juli,209
593,gelingen,209
594,verteidigen,209
595,november,209
596,experten,208
597,mehrheit,208
598,thema,207
599,täglich,207
600,brasilien,207
601,quartal,207
602,langen,206
603,/,206
604,corona-beschränkungen,206
605,sozial,205
606,christian,205
607,40,205
608,sorge,204
609,hilfen,203
610,vorgehen,203
611,ziel,203
612,geschäfte,203
613,überhaupt,202
614,-,202
615,verdienen,201
616,kunden,201
617,zunächst,201
618,streiten,201
619,eigene,201
620,vertrauen,200
621,beenden,200
622,armin,199
623,alltag,198
624,kindern,198
625,längst,198
626,leute,198
627,niedrig,198
628,rassismus,198
629,tod,196
630,antworten,196
631,gleichen,196
632,reden,195
633,freiheit,195
634,prüfen,195
635,link,195
636,urlaub,194
637,flughafen,194
638,polizisten,194
639,impfstoffe,194
640,us-präsident,193
641,fc,193
642,kliniken,192
643,kreis,192
644,ganze,192
645,branche,191
646,befürchten,190
647,zumindest,189
648,tönnies,189
649,zählen,188
650,restaurants,187
651,risiko,187
652,platz,187
653,arm,186
654,mittel,186
655,überall,186
656,britisch,186
657,amt,186
658,donnerstag,185
659,medien,185
660,blicken,185
661,sowie,185
662,aufgrund,184
663,jugendlich,184
664,erfolgreich,184
665,abermals,184
666,schulden,183
667,gefährden,183
668,erfolg,183
669,ausbreitung,183
670,corona-infektion,183
671,bank,183
672,demonstranten,183
673,corona-ausbruch,182
674,kleine,181
675,letzte,181
676,drosten,181
677,verzichten,181
678,massiv,181
679,merz,181
680,digitale,181
681,parlament,181
682,peking,181
683,september,181
684,anstecken,180
685,neben,180
686,türkei,179
687,bauen,179
688,impfdosen,179
689,ostern,178
690,abgeordnet,178
691,einigen,178
692,ungarn,178
693,chinas,177
694,mein,177
695,internet,177
696,schön,177
697,banken,177
698,straße,177
699,kontrolle,177
700,firmen,177
701,astra-zeneca,177
702,betroffen,176
703,empfehlen,176
704,bedrohen,176
705,normal,176
706,unterricht,175
707,nachfragen,175
708,obwohl,175
709,beschränkungen,175
710,aufnehmen,174
711,14,174
712,international,174
713,facebook,174
714,hunderte,174
715,thomas,173
716,überblick,173
717,lösen,173
718,auswirkungen,173
719,demokratie,173
720,gering,173
721,of,172
722,häufig,172
723,2019,172
724,erkranken,172
725,putin,172
726,fehler,172
727,not,171
728,verlassen,171
729,drastisch,171
730,olaf,171
731,rede,170
732,verbreiten,169
733,kraft,169
734,zwingen,169
735,besonder,169
736,gedenken,169
737,lehnen,169
738,verletzen,169
739,ausland,168
740,übernehmen,168
741,ausbruch,168
742,leisten,168
743,bundesliga,168
744,los,168
745,hälfte,168
746,paris,168
747,robert-koch-institut,168
748,leyen,167
749,verkaufen,167
750,bestimmen,167
751,opfer,167
752,&,167
753,produktion,166
754,solidarität,166
755,bevor,166
756,pläne,166
757,sicht,166
758,derweil,166
759,national,165
760,verstehen,165
761,app,165
762,paar,164
763,wahlkampf,164
764,unterschiedlich,164
765,gesetz,164
766,entdecken,163
767,ankündigen,163
768,nachrichten,163
769,greifen,163
770,kind,163
771,lockdowns,163
772,nachdem,163
773,einreisen,163
774,monat,163
775,winter,163
776,corona-warn-app,163
777,streichen,162
778,sicherheit,162
779,besuch,162
780,brüssel,162
781,nrw,162
782,februar,161
783,zuerst,161
784,300,161
785,nötigen,161
786,landes,161
787,kritisch,160
788,beispiel,160
789,industrie,160
790,parteitag,160
791,mainzer,160
792,ausgangssperre,159
793,dauern,159
794,hessisch,159
795,altmaier,159
796,stärken,159
797,corona-hilfen,158
798,eher,158
799,krankenhaus,158
800,überraschen,158
801,hersteller,158
802,angreifen,158
803,vorbereiten,157
804,kennen,157
805,amerikas,157
806,mahnen,157
807,danken,157
808,werben,157
809,aussetzen,156
810,einzig,156
811,shutdown,156
812,themen,156
813,betreiben,156
814,brexit,156
815,studierend,155
816,bundesweit,155
817,tief,155
818,natürlich,155
819,bürgermeister,155
820,personen,155
821,beantragen,155
822,belarus,155
823,mitten,154
824,csu,154
825,hessische,154
826,sogenannt,153
827,job,153
828,lesen,153
829,lösung,153
830,indien,153
831,demokraten,153
832,sachsen,153
833,verstärken,153
834,london,153
835,finanziell,152
836,krankenhäuser,152
837,zweifel,152
838,protestieren,152
839,negativ,152
840,kommunen,152
841,städten,152
842,oktober,152
843,faz-hauptwache,152
844,ort,151
845,bayerns,151
846,16,151
847,tritt,151
848,peter,151
849,schauen,150
850,verhalten,150
851,neun,150
852,fans,150
853,politische,149
854,essen,149
855,ruhen,149
856,wissenschaftler,149
857,verteilen,149
858,maas,149
859,hauptstadt,149
860,sieben-tage-inzidenz,149
861,bundesländern,148
862,gegenüber,148
863,unklar,148
864,autos,148
865,erinnern,148
866,seehofer,148
867,verlangen,148
868,hongkong,148
869,selten,147
870,18,147
871,strategie,147
872,premier,147
873,leer,147
874,zunehmen,147
875,einigung,147
876,auflagen,147
877,vorsitzend,146
878,müssten,146
879,darum,146
880,protesten,146
881,umgehen,145
882,sieg,145
883,veröffentlichen,145
884,angeblich,145
885,preis,145
886,bilder,144
887,soziale,144
888,rechtsextrem,144
889,schaden,144
890,corona-zahlen,144
891,1000,144
892,bidens,144
893,bestehen,143
894,touristen,143
895,weitergehen,143
896,entstehen,143
897,prozess,143
898,lockerung,143
899,fußball,143
900,mussten,143
901,spüren,142
902,fliegen,142
903,steuern,142
904,team,142
905,ergebnisse,142
906,sanktionen,142
907,washington,142
908,migranten,142
909,newsletter,142
910,grenze,141
911,60,141
912,herrschen,141
913,michael,141
914,baden-württemberg,141
915,schritt,140
916,all,140
917,vorstellen,140
918,25,140
919,ausrechnen,140
920,amerikaner,140
921,finanzminister,140
922,luft,140
923,verlängerung,140
924,schwarz,140
925,newsupdate,140
926,interessieren,139
927,verantwortlich,139
928,treiben,139
929,überleben,139
930,dramatisch,139
931,republikaner,139
932,corona-test,139
933,firma,139
934,200,139
935,verurteilen,139
936,million,139
937,nacht,138
938,stimmung,138
939,konzern,138
940,bewohner,137
941,podcast,137
942,tödlich,137
943,öffnung,137
944,fürs,136
945,netz,136
946,amazon,136
947,arbeitslos,136
948,aufheben,136
949,bolsonaro,136
950,kontaktbeschränkungen,136
951,wollen,135
952,bundeswehr,135
953,mittlerweile,135
954,reich,135
955,start,135
956,straßen,135
957,stoßen,135
958,bezahlen,135
959,auto,135
960,wissenschaft,134
961,belasten,134
962,demnach,134
963,heftig,134
964,auftreten,134
965,coronamaßnahmen,134
966,verhandlungen,133
967,art,133
968,infektion,133
969,anleger,133
970,geschäft,133
971,eindämmung,133
972,nein,133
973,sport,133
974,herausforderungen,133
975,behandeln,132
976,raus,132
977,konjunkturpaket,132
978,handel,132
979,100000,132
980,markt,132
981,premierminister,132
982,demonstration,132
983,rücken,131
984,twitter,131
985,beteiligen,131
986,schweiz,131
987,apple,131
988,investieren,131
989,bayerisch,131
990,außenminister,131
991,corona-patienten,130
992,einzelhandel,130
993,hängen,130
994,for,130
995,regionen,130
996,gütersloh,130
997,aufs,129
998,test,129
999,idee,129
1000,vergessen,128
1001,danach,128
1002,reisend,128
1003,kostenlos,128
1004,bericht,128
1005,19,128
1006,schnelltests,128
1007,audiostory,128
1008,offiziell,127
1009,gäste,127
1010,persönlich,127
1011,krisen,127
1012,jemand,127
1013,chancen,127
1014,offenbach,127
1015,rhein-main,127
1016,herr,126
1017,leipzig,126
1018,halb,126
1019,bedingungen,126
1020,weiße,126
1021,börse,126
1022,demonstrationen,126
1023,geimpft,126
1024,coronanews,126
1025,kontrollieren,125
1026,urteil,125
1027,verantwortung,125
1028,her,125
1029,mutter,125
1030,13,125
1031,ergebnis,125
1032,briten,125
1033,ökonomen,124
1034,klimaschutz,124
1035,nähen,124
1036,städte,124
1037,august,124
1038,drittel,124
1039,gesundheit,123
1040,gehören,123
1041,chinesisch,123
1042,suche,123
1043,erholung,123
1044,mutmaßlich,123
1045,to,122
1046,wenden,122
1047,ständig,122
1048,wieler,122
1049,zusammenhang,122
1050,untersuchen,122
1051,wünschen,122
1052,nordrhein-westfalen,122
1053,urlauber,122
1054,corona-welle,122
1055,sparen,122
1056,personal,121
1057,ehemalig,121
1058,altern,121
1059,überstehen,121
1060,kopf,121
1061,trend,121
1062,digitalisierung,121
1063,corona-app,121
1064,gründe,121
1065,enden,121
1066,tatsächlich,120
1067,senat,120
1068,freuen,120
1069,staatliche,120
1070,theater,120
1071,treten,120
1072,beklagen,120
1073,höhe,120
1074,stuttgart,120
1075,moment,119
1076,einstellen,119
1077,corona-auflagen,119
1078,betrieb,119
1079,wirksamkeit,119
1080,500,118
1081,a,118
1082,schicken,118
1083,holen,118
1084,verbinden,118
1085,arbeitsmarkt,118
1086,zahlreiche,118
1087,corona-impfungen,118
1088,ähnlich,117
1089,kehren,117
1090,produzieren,117
1091,einhalten,117
1092,’s,117
1093,minister,117
1094,büro,117
1095,bekämpfung,117
1096,einfluss,117
1097,bild,116
1098,eu-staaten,116
1099,womöglich,116
1100,krieg,116
1101,direkt,116
1102,zeichen,116
1103,teilweise,116
1104,eindämmen,116
1105,dienen,116
1106,japan,116
1107,bundesland,116
1108,entscheidungen,115
1109,reisewarnung,115
1110,frankreichs,115
1111,daher,115
1112,thüringen,115
1113,netanjahu,115
1114,bestellen,115
1115,75,115
1116,ums,115
1117,gegner,115
1118,gesamt,114
1119,griff,114
1120,vermeiden,114
1121,studenten,114
1122,flüchtlinge,114
1123,besuchen,114
1124,vorwürfe,114
1125,protest,114
1126,umsatz,114
1127,faz-newsletter,114
1128,wuhan,113
1129,impfstoffs,113
1130,corona-lage,113
1131,wohnen,113
1132,zugleich,113
1133,finanzielle,113
1134,sars-cov-2,113
1135,angebot,113
1136,möglichst,113
1137,außer,113
1138,widerstehen,113
1139,corona-infektionszahlen,113
1140,landkreis,113
1141,saison,113
1142,ermöglichen,112
1143,verkünden,112
1144,komplett,112
1145,geschlossen,112
1146,gutes,112
1147,regieren,112
1148,hundert,112
1149,virologe,111
1150,zusätzlich,111
1151,ankommen,111
1152,bitte,111
1153,einschränken,111
1154,wehren,111
1155,unternehmer,111
1156,corona-impfung,111
1157,erholen,111
1158,risikogebieten,111
1159,serie,110
1160,müller,110
1161,friedrich,110
1162,weitgehend,110
1163,ermitteln,110
1164,verlust,110
1165,eröffnen,110
1166,video,109
1167,gleichzeitig,109
1168,bremsen,109
1169,verfolgen,109
1170,fallzahlen,109
1171,klimawandel,109
1172,aussagen,109
1173,wut,109
1174,autor,108
1175,diesmal,108
1176,bisschen,108
1177,uhr,108
1178,soldaten,108
1179,töten,108
1180,ringen,108
1181,davor,108
1182,sinnvoll,108
1183,landesregierung,108
1184,70,108
1185,steinmeier,108
1186,pflicht,108
1187,russisch,108
1188,ohnehin,107
1189,wirksam,107
1190,aussehen,107
1191,schweden,107
1192,lehren,107
1193,türkisch,107
1194,gastronomie,107
1195,konsequenzen,107
1196,bilanz,107
1197,gründen,106
1198,kritiker,106
1199,iran,106
1200,zwölf,106
1201,französische,106
1202,überschreiten,106
1203,parteien,106
1204,leeren,106
1205,corona-toten,106
1206,harten,106
1207,einbruch,106
1208,chaos,105
1209,corona-zeit,105
1210,verabschieden,105
1211,haft,105
1212,staatlich,105
1213,chinesische,105
1214,durchsetzen,105
1215,einwohner,105
1216,senken,104
1217,tourismus,104
1218,räumen,104
1219,ideen,104
1220,region,104
1221,forschung,104
1222,fehlend,104
1223,arbeitgeber,104
1224,zusätzliche,104
1225,einsetzen,103
1226,arzt,103
1227,völlig,103
1228,spitz,103
1229,bezeichnen,103
1230,billionen,103
1231,system,103
1232,zurückkehren,103
1233,preise,103
1234,inzidenz,103
1235,impfkampagne,103
1236,führung,102
1237,ausgangsbeschränkungen,102
1238,hand,102
1239,besorgen,102
1240,griechenland,102
1241,raum,102
1242,historisch,102
1243,regierungschef,102
1244,überzeugen,102
1245,messen,102
1246,termin,102
1247,erwachsen,101
1248,regierungschefs,101
1249,erheblich,101
1250,innenminister,101
1251,ema,101
1252,eben,100
1253,richtige,100
1254,freunde,100
1255,rechte,100
1256,schuld,100
1257,rezession,100
1258,bewegung,100
1259,aktien,100
1260,spieler,99
1261,isolation,99
1262,autorin,99
1263,unterwegs,99
1264,lebens,99
1265,draußen,99
1266,appellieren,99
1267,bekämpfen,99
1268,darunter,99
1269,antwort,99
1270,freiwillig,99
1271,klima,99
1272,befinden,99
1273,heil,99
1274,vorschlag,99
1275,beschleunigen,98
1276,rennen,98
1277,bundespräsident,98
1278,schrumpfen,98
1279,herausforderung,97
1280,verhandeln,97
1281,news,97
1282,wege,97
1283,wort,97
1284,sofort,97
1285,ausfallen,97
1286,rücktritt,97
1287,informieren,97
1288,zustimmung,97
1289,optimistisch,97
1290,bloß,97
1291,richten,97
1292,hingegen,96
1293,kontakt,96
1294,katastrophe,96
1295,mitteilen,96
1296,eng,96
1297,läden,96
1298,tübinger,96
1299,notwendig,96
1300,elf,96
1301,kultur,96
1302,zehntausende,96
1303,unternehmens,96
1304,anklagen,96
1305,blockieren,96
1306,corona-tote,96
1307,teilnehmer,96
1308,vorsichtig,95
1309,rot,95
1310,ursula,95
1311,nähern,95
1312,stillen,95
1313,pflegekräfte,95
1314,bewegen,95
1315,erscheinen,95
1316,oben,95
1317,80,95
1318,mainz,95
1319,reduzieren,94
1320,nullen,94
1321,buch,94
1322,loben,94
1323,brief,94
1324,dänemark,94
1325,italiens,94
1326,reaktion,94
1327,seite,94
1328,gefahren,94
1329,zuschauer,94
1330,eintracht,94
1331,kontakte,93
1332,kanzleramt,93
1333,studien,93
1334,erkennen,93
1335,bitten,93
1336,internationale,93
1337,arbeitslosigkeit,93
1338,aussicht,93
1339,post,93
1340,35,92
1341,schrittweise,92
1342,dicht,92
1343,wirtschaftskrise,92
1344,voran,92
1345,stattdessen,92
1346,staatsanwaltschaft,92
1347,90,92
1348,versagen,92
1349,mensch,91
1350,existenz,91
1351,bekannt,91
1352,meinen,91
1353,verstöße,91
1354,armut,91
1355,andreas,91
1356,vakzine,91
1357,dinge,90
1358,corona-epidemie,90
1359,anschlag,90
1360,leider,90
1361,westen,90
1362,organisieren,90
1363,rasant,90
1364,wohnungen,90
1365,spenden,90
1366,corona-jahr,90
1367,niedersachsen,90
1368,lauterbach,90
1369,diskussion,90
1370,vorwoche,90
1371,veranstaltungen,89
1372,21,89
1373,hotels,89
1374,drehen,89
1375,universität,89
1376,vorher,89
1377,darin,89
1378,kollegen,89
1379,sperren,89
1380,phase,89
1381,seiten,89
1382,häuslich,89
1383,kabinett,89
1384,kurs,89
1385,plädieren,89
1386,zusammenarbeit,89
1387,3,89
1388,england,89
1389,entfernen,88
1390,bisherig,88
1391,klingen,88
1392,verschieden,88
1393,dunkel,88
1394,wachstum,88
1395,gern,87
1396,unterscheiden,87
1397,vater,87
1398,schluss,87
1399,verfügung,87
1400,aufrufen,87
1401,bedeutung,87
1402,schließung,87
1403,präsentieren,87
1404,2000,87
1405,journalisten,87
1406,einbrechen,87
1407,coronahilfen,87
1408,coronavirus-pandemie,86
1409,erstaunlich,86
1410,richter,86
1411,emmanuel,86
1412,worte,86
1413,kunst,86
1414,breit,86
1415,verfahren,86
1416,briefwahl,86
1417,verbessern,86
1418,pharmakonzern,86
1419,südafrika,86
1420,krank,85
1421,glück,85
1422,raten,85
1423,spiele,85
1424,französisch,85
1425,syrien,85
1426,zuge,85
1427,weltgesundheitsorganisation,85
1428,ausreichen,85
1429,begründen,85
1430,überwinden,85
1431,intensivbetten,85
1432,langfristig,85
1433,generation,85
1434,verschwinden,85
1435,5,85
1436,27,85
1437,corona-impfstoffs,85
1438,dax,85
1439,ich,85
1440,wohnung,84
1441,sicher,84
1442,wahrscheinlich,84
1443,angestellt,84
1444,distanz,84
1445,fördern,84
1446,dadurch,84
1447,wichtigste,84
1448,17,84
1449,entscheidend,84
1450,v,84
1451,betonen,84
1452,manchmal,83
1453,symptome,83
1454,ezb,83
1455,wolfgang,83
1456,bildung,83
1457,rasch,83
1458,verschwörungstheorien,83
1459,einen,83
1460,dauerhaft,83
1461,partner,83
1462,fachleute,83
1463,hanau,82
1464,finanzkrise,82
1465,form,82
1466,10000,82
1467,doppeln,82
1468,hervor,82
1469,zuhause,82
1470,branchen,82
1471,genesen,82
1472,sputnik,82
1473,sache,81
1474,moria,81
1475,einnahmen,81
1476,öffentlichkeit,81
1477,rein,81
1478,wähler,81
1479,krankenhäusern,81
1480,namen,81
1481,heben,81
1482,eins,81
1483,laden,80
1484,unbedingt,80
1485,libanon,80
1486,kurzarbeitergeld,80
1487,kirche,80
1488,medizinisch,80
1489,tipps,80
1490,gewinn,80
1491,pflegen,80
1492,schwächen,80
1493,zurückgehen,80
1494,28,80
1495,genehmigen,80
1496,hessens,80
1497,wiesbaden,80
1498,nachricht,79
1499,20000,79
1500,wüten,79
1501,impfstoffen,79
1502,unabhängig,79
1503,gefühl,79
1504,brandenburg,79
1505,erfahren,79
1506,kommission,79
1507,üben,79
1508,krisenmanagement,79
1509,alexander,79
1510,forderungen,79
1511,australien,79
1512,minus,79
1513,querdenker,79
1514,badenwürttemberg,79
1515,uspräsident,79
1516,11,78
1517,informationen,78
1518,vertrag,78
1519,arbeitnehmer,78
1520,extrem,78
1521,verhältnis,78
1522,natur,78
1523,einzeln,78
1524,corona-infizierten,78
1525,geltend,78
1526,bilden,78
1527,corona-einschränkungen,78
1528,sommerferien,78
1529,rückgang,78
1530,risiken,78
1531,radikal,77
1532,reihe,77
1533,händler,77
1534,gastronomen,77
1535,intensivstationen,77
1536,mediziner,77
1537,regierungen,77
1538,gesund,77
1539,mut,77
1540,abstandsregeln,77
1541,wochenlang,77
1542,party,77
1543,angehörig,76
1544,wolle,76
1545,modern,76
1546,geschehen,76
1547,einsam,76
1548,anlass,76
1549,kandidaten,76
1550,ausnahmezustand,76
1551,koch-instituts,76
1552,begrenzen,76
1553,krankheit,76
1554,teile,76
1555,besiegen,76
1556,drängen,76
1557,beziehungen,76
1558,vorsicht,76
1559,nutzer,76
1560,haushalt,76
1561,klappen,76
1562,coronaimpfstoff,76
1563,nahe,75
1564,still,75
1565,kinos,75
1566,aufgabe,75
1567,verbreitung,75
1568,beruf,75
1569,verteilung,75
1570,marke,75
1571,kirchen,75
1572,ursprünglich,75
1573,erfasst,75
1574,zuständig,75
1575,verpflichten,75
1576,viertel,75
1577,erschweren,75
1578,jobs,75
1579,10,75
1580,mecklenburg-vorpommern,75
1581,sammeln,75
1582,einhaltung,75
1583,wirtschaftsminister,75
1584,entwicklungen,75
1585,150,74
1586,beobachten,74
1587,is,74
1588,schwarze,74
1589,400,74
1590,gebrauchen,74
1591,bewältigung,74
1592,gerecht,74
1593,zeichnen,74
1594,corona-lockdown,74
1595,faz,74
1596,hinweise,74
1597,trainer,74
1598,beantworten,73
1599,leiten,73
1600,absolut,73
1601,rom,73
1602,vielerorts,73
1603,drücken,73
1604,gruppen,73
1605,braun,73
1606,umsetzen,73
1607,fern,73
1608,fauci,73
1609,führend,73
1610,orbán,73
1611,verzögern,73
1612,höchststand,73
1613,freie,72
1614,künstler,72
1615,google,72
1616,live,72
1617,schwierige,72
1618,merkels,72
1619,prägen,72
1620,verfügbar,72
1621,erteilen,72
1622,oberbürgermeister,72
1623,ziemlich,71
1624,vergleichsweise,71
1625,bewältigen,71
1626,infolge,71
1627,corona-hilfspaket,71
1628,hintergrund,71
1629,einkaufen,71
1630,zentrum,71
1631,teils,71
1632,schneiden,71
1633,kümmern,71
1634,vereinen,71
1635,vorwerfen,71
1636,auswärtig,71
1637,vorlegen,71
1638,umfragen,71
1639,vakzin,71
1640,coronaregeln,71
1641,600,70
1642,damals,70
1643,programm,70
1644,behaupten,70
1645,schließlich,70
1646,anbieten,70
1647,klinik,70
1648,hierzulande,70
1649,bouffier,70
1650,spiegel,70
1651,verstoßen,70
1652,annehmen,70
1653,wieso,70
1654,besucher,70
1655,anhänger,70
1656,wahrheit,70
1657,23,70
1658,abstimmung,70
1659,aufgeben,70
1660,kompromiss,70
1661,berlins,70
1662,ärger,70
1663,infektionsgeschehen,70
1664,vortag,70
1665,reiserückkehrer,70
1666,hinaus,69
1667,hilfspaket,69
1668,fangen,69
1669,lothar,69
1670,klimakrise,69
1671,anteil,69
1672,nachhaltig,69
1673,22,69
1674,befragen,69
1675,kurzfristig,69
1676,ignorieren,69
1677,verbraucher,69
1678,aussprechen,69
1679,corona-hotspots,69
1680,gruppe,69
1681,licht,69
1682,gespräche,69
1683,mallorca,69
1684,impfstoffhersteller,69
1685,behörde,68
1686,deuten,68
1687,wagen,68
1688,daraus,68
1689,kretschmann,68
1690,arbeitsplätze,68
1691,livestream,68
1692,jedenfalls,68
1693,gesundheitssystem,68
1694,wahlen,68
1695,gesundheitsbehörde,68
1696,nerven,68
1697,scheuer,68
1698,ruhig,68
1699,fleischindustrie,68
1700,vorjahr,68
1701,and,67
1702,lager,67
1703,weder,67
1704,corona-fällen,67
1705,lohnen,67
1706,schäuble,67
1707,moskau,67
1708,untersuchung,67
1709,düster,67
1710,ferien,67
1711,regen,67
1712,achten,67
1713,impfkommission,67
1714,homeschooling,66
1715,ausgangssperren,66
1716,verdoppeln,66
1717,meinung,66
1718,autoindustrie,66
1719,münchner,66
1720,sturm,66
1721,verweisen,66
1722,verständnis,66
1723,jahrzehnten,66
1724,bühne,66
1725,2,65
1726,miete,65
1727,update,65
1728,gestern,65
1729,entsprechend,65
1730,virologen,65
1731,vorläufig,65
1732,minuten,65
1733,ebenfalls,65
1734,zerstören,65
1735,benjamin,65
1736,giffey,65
1737,milliarde,65
1738,fridays,65
1739,zugang,65
1740,polizeigewalt,65
1741,zufrieden,65
1742,verbringen,64
1743,erwägen,64
1744,möglichkeit,64
1745,kredite,64
1746,schwach,64
1747,klar,64
1748,initiative,64
1749,variante,64
1750,arbeitsplatz,64
1751,hausärzte,64
1752,vorübergehen,63
1753,rest,63
1754,richtung,63
1755,risikogebiet,63
1756,dran,63
1757,pflegeheimen,63
1758,abhalten,63
1759,geduld,63
1760,afrika,63
1761,belegen,63
1762,düsseldorf,63
1763,future,63
1764,obama,63
1765,league,63
1766,impfzentren,63
1767,telefon,62
1768,grenzkontrollen,62
1769,ergeben,62
1770,einschätzung,62
1771,clubs,62
1772,müsste,62
1773,hoffnungen,62
1774,übrig,62
1775,verlegen,62
1776,halbe,62
1777,skeptisch,62
1778,heiko,62
1779,kippen,62
1780,kontrollen,62
1781,karliczek,62
1782,liga,62
1783,sachsen-anhalt,62
1784,möglicherweise,62
1785,problemen,62
1786,eu-gipfel,62
1787,rheinland-pfalz,62
1788,corona-hotspot,62
1789,österreichs,62
1790,bundesamt,62
1791,spätestens,61
1792,starke,61
1793,insel,61
1794,lesbos,61
1795,ausgehen,61
1796,weltweite,61
1797,gleich,61
1798,kanada,61
1799,sinkend,61
1800,musik,61
1801,nationen,61
1802,spalten,61
1803,egal,61
1804,köln,61
1805,wien,61
1806,beachten,61
1807,nebenwirkungen,61
1808,frank,61
1809,erwartungen,61
1810,ausschreitungen,61
1811,benötigen,60
1812,worten,60
1813,bundestagswahl,60
1814,stürzen,60
1815,gewiß,60
1816,wirkung,60
1817,feststellen,60
1818,begeben,60
1819,stelle,60
1820,tempo,60
1821,vorgaben,60
1822,neuseeland,60
1823,immerhin,60
1824,insbesondere,60
1825,konzept,60
1826,regional,60
1827,bars,60
1828,lukaschenko,60
1829,formel,60
1830,oxford,60
1831,psychisch,59
1832,hamburgs,59
1833,verraten,59
1834,normalerweise,59
1835,schweizer,59
1836,bereit,59
1837,enorm,59
1838,zeitpunkt,59
1839,verdenken,59
1840,sebastian,59
1841,ausgeben,59
1842,investoren,59
1843,klären,59
1844,gewerkschaft,59
1845,deswegen,59
1846,corona-schutzmaßnahmen,59
1847,regelmäßig,59
1848,ausweiten,59
1849,empfehlungen,59
1850,schritte,59
1851,passt,59
1852,desto,59
1853,vierte,59
1854,26,59
1855,dahinter,59
1856,ablehnen,59
1857,mitarbeitern,59
1858,jugend,59
1859,bord,59
1860,partys,59
1861,zahlreich,59
1862,bayer,59
1863,corona-virus,58
1864,beschreiben,58
1865,rüsten,58
1866,nah,58
1867,stillstand,58
1868,veranstalter,58
1869,momentan,58
1870,ischgl,58
1871,niveau,58
1872,corona-fall,58
1873,landen,58
1874,erleichtern,58
1875,31,58
1876,körper,58
1877,kita,58
1878,meistern,58
1879,landtag,58
1880,tiere,58
1881,film,58
1882,grundsätzlich,58
1883,publikum,58
1884,fertigen,58
1885,rekord,58
1886,amtszeit,58
1887,sanofi,58
1888,halbjahr,58
1889,arzneimittelbehörde,58
1890,ansteckend,57
1891,aufmerksamkeit,57
1892,12,57
1893,osten,57
1894,florida,57
1895,interesse,57
1896,belgien,57
1897,vorschläge,57
1898,horst,57
1899,750,57
1900,gemeinden,57
1901,lindner,57
1902,feiertage,57
1903,niederlande,57
1904,karl,57
1905,klubs,57
1906,de,57
1907,tausend,57
1908,nawalny,57
1909,kranken,56
1910,freude,56
1911,augen,56
1912,schulschließungen,56
1913,kultusminister,56
1914,conte,56
1915,hotel,56
1916,plus,56
1917,seitdem,56
1918,vereine,56
1919,neustart,56
1920,unterdessen,56
1921,sperrstunde,56
1922,höchstwert,56
1923,derzeitig,55
1924,flüge,55
1925,seuche,55
1926,umfassend,55
1927,tür,55
1928,vollständig,55
1929,viert,55
1930,aktiv,55
1931,zusagen,55
1932,herstellen,55
1933,genießen,55
1934,unmut,55
1935,verlaufen,55
1936,fließen,55
1937,einheitliche,55
1938,madrid,55
1939,65,55
1940,nachweisen,55
1941,kürzen,55
1942,möglichkeiten,54
1943,beliebt,54
1944,russische,54
1945,sprecher,54
1946,bürgern,54
1947,epidemie,54
1948,ziele,54
1949,gouverneur,54
1950,debattieren,54
1951,ebenso,54
1952,sex,54
1953,woran,54
1954,habeck,54
1955,schülerinnen,54
1956,merken,54
1957,erfahrungen,54
1958,europäer,54
1959,heiß,54
1960,darmstadt,54
1961,fortsetzen,54
1962,ausnahme,54
1963,berater,54
1964,gegenteil,54
1965,menge,54
1966,signal,54
1967,israels,54
1968,verschiebung,54
1969,verluste,54
1970,betragen,54
1971,ansteckungen,54
1972,runden,53
1973,regierend,53
1974,covid-19-patienten,53
1975,unterschätzen,53
1976,mitglieder,53
1977,auflösen,53
1978,selbstständige,53
1979,rettung,53
1980,bedenken,53
1981,mundschutz,53
1982,strikt,53
1983,cdu-vorsitz,53
1984,röttgen,53
1985,widersprechen,53
1986,boden,53
1987,botschaft,53
1988,johnsons,53
1989,ermittlungen,53
1990,freund,53
1991,empfehlung,53
1992,unsicherheit,53
1993,allgemein,53
1994,portugal,53
1995,tschechien,53
1996,belieben,53
1997,4000,53
1998,reise,53
1999,kongress,53
2000,prognose,53
2001,rollen,53
2002,exporte,53
2003,inflation,53
2004,durchbruch,53
2005,coronazeiten,53
2006,eukommission,53
2007,gerne,52
2008,schutzmasken,52
2009,abstimmen,52
2010,bürgerinnen,52
2011,zeitung,52
2012,überfordern,52
2013,untersagen,52
2014,proben,52
2015,kauf,52
2016,berichte,52
2017,zustimmen,52
2018,auslösen,52
2019,laufend,52
2020,vermitteln,52
2021,beirut,52
2022,landkreise,52
2023,schülern,52
2024,behandlung,52
2025,museen,52
2026,text,52
2027,senioren,52
2028,reform,52
2029,österreichisch,52
2030,immun,52
2031,mehrwertsteuer,52
2032,jair,52
2033,vermuten,52
2034,29,52
2035,deal,52
2036,versammeln,52
2037,zeitweise,52
2038,innenstadt,52
2039,herstellers,52
2040,us,52
2041,lieferung,52
2042,uswahl,52
2043,wasser,51
2044,ungewöhnlich,51
2045,statistik,51
2046,wahr,51
2047,beratungen,51
2048,insolvenz,51
2049,geburtstag,51
2050,unmöglich,51
2051,risikogruppe,51
2052,mütter,51
2053,trinken,51
2054,worauf,51
2055,us-regierung,51
2056,echt,51
2057,verständigen,51
2058,lokal,51
2059,versorgen,51
2060,widmen,51
2061,nahverkehr,51
2062,isolieren,51
2063,forschen,51
2064,joachim,51
2065,konkurrenz,51
2066,einsteigen,51
2067,brasiliens,51
2068,finanzieren,51
2069,sehnsucht,51
2070,genügen,51
2071,niederlage,51
2072,konflikt,51
2073,bundesstaat,51
2074,passagiere,51
2075,konjunktur,51
2076,corona-impfstoffe,51
2077,2022,51
2078,zinsen,51
2079,verabreichen,51
2080,begleiten,50
2081,singen,50
2082,stabil,50
2083,pfleger,50
2084,medizinische,50
2085,arme,50
2086,ökonomisch,50
2087,systemrelevant,50
2088,reaktionen,50
2089,günstig,50
2090,großteil,50
2091,open,50
2092,anhalten,50
2093,hochschulen,50
2094,kriegen,50
2095,träumen,50
2096,billigen,50
2097,investitionen,50
2098,bus,50
2099,heraus,50
2100,stephan,50
2101,viren,50
2102,projekt,50
2103,gesundheitsamt,50
2104,hinzu,50
2105,nahezu,50
2106,wachsend,50
2107,martin,50
2108,antrag,50
2109,eindruck,50
2110,bundesstaaten,50
2111,eu-haushalt,50
2112,lügen,50
2113,göttingen,50
2114,abschließen,50
2115,ausnahmen,50
2116,dutzende,50
2117,kalifornien,50
2118,30000,50
2119,strafen,50
2120,präsenzunterricht,50
2121,coronaausbruch,50
2122,coronalage,50
2123,wiederholen,49
2124,gerichte,49
2125,unterschiede,49
2126,pleite,49
2127,kanzler,49
2128,durchaus,49
2129,perspektive,49
2130,miteinander,49
2131,pause,49
2132,hunger,49
2133,gemeldet,49
2134,häuser,49
2135,konkret,49
2136,wesentlich,49
2137,warnung,49
2138,enttäuschen,49
2139,beschluss,49
2140,lösungen,49
2141,dresden,49
2142,palmer,49
2143,bangen,49
2144,festnehmen,49
2145,aktivisten,49
2146,hotspots,49
2147,jahresende,49
2148,coronawarnapp,49
2149,beschlossen,48
2150,einzelne,48
2151,tschentscher,48
2152,wirtschaftsleistung,48
2153,anweisen,48
2154,justiz,48
2155,illegal,48
2156,ansicht,48
2157,gebieten,48
2158,entlassen,48
2159,weltwirtschaft,48
2160,reisebeschränkungen,48
2161,etlich,48
2162,rechtfertigen,48
2163,erheben,48
2164,glücklich,48
2165,meter,48
2166,ansteckung,48
2167,mobil,48
2168,sohn,48
2169,schick,48
2170,alarm,48
2171,berühmt,48
2172,verweigern,48
2173,festhalten,48
2174,ans,48
2175,wohin,48
2176,traditionell,48
2177,rückkehrer,48
2178,un,48
2179,ramelow,48
2180,bundesverfassungsgericht,48
2181,parlamentswahl,48
2182,abschied,48
2183,fünfte,48
2184,zentralbank,48
2185,zug,48
2186,verschärfung,48
2187,corona-lockdowns,48
2188,wirecard,48
2189,tui,48
2190,kreise,48
2191,biontech-impfstoff,48
2192,ungleichheit,47
2193,schleswig-holstein,47
2194,umso,47
2195,friseure,47
2196,maßnahme,47
2197,tesla,47
2198,daimler,47
2199,zurzeit,47
2200,fatal,47
2201,tochter,47
2202,rat,47
2203,zentrale,47
2204,beamten,47
2205,bundesfinanzminister,47
2206,tokio,47
2207,bergen,47
2208,optimismus,47
2209,belastung,47
2210,riesig,47
2211,länderchefs,47
2212,wladimir,47
2213,entgegen,47
2214,lokale,47
2215,wundern,47
2216,sichtbar,47
2217,mangelnd,47
2218,trauen,47
2219,bemühen,47
2220,lust,47
2221,staats-,47
2222,attackieren,47
2223,staatshilfen,47
2224,wenigstens,47
2225,mexiko,47
2226,bremen,47
2227,vergleichen,47
2228,gewinner,47
2229,mieten,47
2230,labore,47
2231,helge,47
2232,light,47
2233,beherbergungsverbot,47
2234,volker,47
2235,harris,47
2236,pharmaunternehmen,47
2237,inzidenzwert,47
2238,coronapolitik,47
2239,klub,47
2240,schweigen,46
2241,engen,46
2242,betten,46
2243,griechisch,46
2244,regelung,46
2245,gottesdienste,46
2246,obdachlose,46
2247,5000,46
2248,sinn,46
2249,bundeswirtschaftsminister,46
2250,rechnung,46
2251,bewerten,46
2252,afghanistan,46
2253,verkehr,46
2254,trennen,46
2255,konflikte,46
2256,vereinbart,46
2257,uni,46
2258,vorbild,46
2259,versichern,46
2260,geschäften,46
2261,stoff,46
2262,rutschen,46
2263,frank-walter,46
2264,forderung,46
2265,präsidentenwahl,46
2266,fair,46
2267,verlauf,46
2268,gold,46
2269,covid,46
2270,arbeitsminister,46
2271,mächtig,46
2272,voraussichtlich,46
2273,russlands,46
2274,geschäftsführer,46
2275,verfassungsschutz,46
2276,silvester,46
2277,vertreter,46
2278,stadion,46
2279,dosis,46
2280,fahrt,45
2281,gesellschaftlich,45
2282,unterrichten,45
2283,erkenntnisse,45
2284,schätzen,45
2285,nachbarn,45
2286,notstand,45
2287,fremd,45
2288,aufträge,45
2289,sowieso,45
2290,volkswirtschaft,45
2291,videokonferenz,45
2292,1500,45
2293,netflix,45
2294,vorteile,45
2295,brauche,45
2296,anspruch,45
2297,italienische,45
2298,norden,45
2299,konto,45
2300,nachdenken,45
2301,präsidentschaftswahl,45
2302,apps,45
2303,üblich,45
2304,aufstellen,45
2305,vermögen,45
2306,bestehend,45
2307,rahmen,45
2308,schwerpunkt,45
2309,demo,45
2310,konservative,45
2311,wandel,45
2312,corona-lockerungen,45
2313,anne,45
2314,festnahmen,45
2315,konzerne,45
2316,messe,45
2317,titel,45
2318,4,44
2319,grundlage,44
2320,schuldenbremse,44
2321,inmitten,44
2322,supermarkt,44
2323,fortschritte,44
2324,lauten,44
2325,beschränken,44
2326,entlasten,44
2327,revolution,44
2328,versuch,44
2329,wunsch,44
2330,erkrankung,44
2331,jahreswechsel,44
2332,paare,44
2333,ruf,44
2334,öfter,44
2335,falls,44
2336,getestet,44
2337,indes,44
2338,geflüchtete,44
2339,antikörper,44
2340,wecken,44
2341,bad,44
2342,fluggesellschaft,44
2343,studieren,44
2344,flughäfen,44
2345,erzielen,44
2346,statistisch,44
2347,stück,44
2348,reformen,44
2349,medienbericht,44
2350,organisation,44
2351,kommunalwahl,44
2352,intensivstation,43
2353,hass,43
2354,chefs,43
2355,schießen,43
2356,250,43
2357,feuer,43
2358,stützen,43
2359,gewaltig,43
2360,genauso,43
2361,…,43
2362,wetter,43
2363,demokratisch,43
2364,mike,43
2365,beunruhigen,43
2366,sobald,43
2367,abhängig,43
2368,vermutlich,43
2369,anzeigen,43
2370,stechen,43
2371,ober,43
2372,grundrechte,43
2373,grippe,43
2374,city,43
2375,linie,43
2376,nummer,43
2377,bundesinnenminister,43
2378,einkommen,43
2379,abgeben,43
2380,königreich,43
2381,verzweifeln,43
2382,höhepunkt,43
2383,aufhalten,43
2384,bescheren,43
2385,endgültig,43
2386,mädchen,43
2387,kollaps,43
2388,gesundheitsministerium,43
2389,einheit,43
2390,könig,43
2391,spuren,43
2392,volk,43
2393,bundes,43
2394,südkorea,43
2395,großveranstaltungen,43
2396,aufregung,43
2397,erhöhung,43
2398,norbert,43
2399,us-präsidenten,43
2400,bar,43
2401,züge,43
2402,kanzlerkandidatur,43
2403,losgehen,43
2404,bundesagentur,43
2405,alarmieren,43
2406,explosion,43
2407,aktion,43
2408,hygieneregeln,43
2409,corona-leugner,43
2410,kochinstitut,43
2411,leser,42
2412,orte,42
2413,italienisch,42
2414,covid-19-fälle,42
2415,betreuen,42
2416,tisch,42
2417,vernunft,42
2418,betreiber,42
2419,regel,42
2420,yorker,42
2421,breiten,42
2422,gefängnis,42
2423,kochen,42
2424,konsum,42
2425,praktisch,42
2426,nachfolger,42
2427,niederlanden,42
2428,zuschauern,42
2429,haushalte,42
2430,gläubig,42
2431,hunderttausende,42
2432,einsamkeit,42
2433,flugzeug,42
2434,frisch,42
2435,fußball-bundesliga,42
2436,anträge,42
2437,zunahme,42
2438,wappnen,42
2439,ausschließen,42
2440,verstößen,42
2441,alleine,42
2442,teilnehmen,42
2443,süden,42
2444,vorn,42
2445,meer,42
2446,verdi,42
2447,gipfel,42
2448,empörung,42
2449,produkte,42
2450,verein,42
2451,bereich,42
2452,nordrheinwestfalen,42
2453,spaß,41
2454,heimat,41
2455,republik,41
2456,eu-länder,41
2457,entspannen,41
2458,veränderungen,41
2459,schwierigkeiten,41
2460,woher,41
2461,restaurant,41
2462,weitreichend,41
2463,ausmessen,41
2464,fernsehen,41
2465,ordnen,41
2466,kramp-karrenbauer,41
2467,infrage,41
2468,risikogruppen,41
2469,kampagne,41
2470,fleisch,41
2471,bitter,41
2472,erfinden,41
2473,einbußen,41
2474,hände,41
2475,schutzmaßnahmen,41
2476,analyse,41
2477,alternativ,41
2478,alkohol,41
2479,liveblog,41
2480,herrmann,41
2481,stocken,41
2482,eilantrag,41
2483,papier,41
2484,punkten,41
2485,brand,41
2486,erfolge,41
2487,eu-ratspräsidentschaft,41
2488,demokratische,41
2489,freiwillige,41
2490,corona-bedingungen,41
2491,rassistisch,41
2492,geisterspiele,41
2493,r-wert,41
2494,pandemiebekämpfung,41
2495,appell,41
2496,ermittler,41
2497,recherchen,41
2498,rückschlag,41
2499,virtuell,41
2500,mark,41
2501,dortmund,41
2502,kräftigen,41
2503,notfallzulassung,41
2504,schalke,41
2505,kilometer,40
2506,vorstand,40
2507,bußgelder,40
2508,liste,40
2509,flüchtlingslager,40
2510,versorgung,40
2511,steigern,40
2512,prognosen,40
2513,füllen,40
2514,beitrag,40
2515,werte,40
2516,sonne,40
2517,tübingen,40
2518,vw,40
2519,punkte,40
2520,billig,40
2521,800,40
2522,corona-bonds,40
2523,schatten,40
2524,konservativ,40
2525,staates,40
2526,daheim,40
2527,platzen,40
2528,ausbildung,40
2529,stress,40
2530,ansehen,40
2531,springen,40
2532,fokus,40
2533,klaus,40
2534,vermehren,40
2535,unterbrechen,40
2536,8,40
2537,infektionswelle,40
2538,begrüßen,40
2539,anja,40
2540,eskalieren,40
2541,befreien,40
2542,gewerkschaften,40
2543,werk,40
2544,furcht,40
2545,sicherheitsgesetz,40
2546,veto,40
2547,gefallen,40
2548,aufklärung,40
2549,coronatests,40
2550,impfgipfel,40
2551,erdogan,40
2552,morgens,39
2553,verursachen,39
2554,antreten,39
2555,mangel,39
2556,realität,39
2557,bier,39
2558,tanzen,39
2559,dahin,39
2560,9,39
2561,thüringer,39
2562,helfer,39
2563,besetzen,39
2564,empfangen,39
2565,ausbreiten,39
2566,corona-nachrichten,39
2567,außergewöhnlich,39
2568,stören,39
2569,technik,39
2570,traurig,39
2571,hubertus,39
2572,empören,39
2573,verzicht,39
2574,ersetzen,39
2575,mode,39
2576,lob,39
2577,6,39
2578,kino,39
2579,beweisen,39
2580,zoom,39
2581,kommunikation,39
2582,zweifeln,39
2583,beitragen,39
2584,begeistern,39
2585,einführung,39
2586,mario,39
2587,mittelstand,39
2588,einführen,39
2589,vorteil,39
2590,beschlüsse,39
2591,karriere,39
2592,zentral,39
2593,leiter,39
2594,person,39
2595,auftakt,39
2596,übertragen,39
2597,hafen,39
2598,luftfahrt,39
2599,akzeptieren,39
2600,coronavirus-infektionen,39
2601,impfstoffes,39
2602,willen,39
2603,george,39
2604,herausforderer,39
2605,testpflicht,39
2606,übermitteln,39
2607,commerzbank,39
2608,teil-lockdown,39
2609,mutanten,39
2610,coronainfektion,39
2611,fraport,39
2612,vorsehen,38
2613,zustehen,38
2614,verunsichern,38
2615,punkt,38
2616,ausliefern,38
2617,überfüllt,38
2618,forschend,38
2619,tirol,38
2620,praxis,38
2621,erlassen,38
2622,pariser,38
2623,schwellen,38
2624,fluchen,38
2625,unerwartet,38
2626,klassenzimmer,38
2627,stets,38
2628,computer,38
2629,schließungen,38
2630,erfahrung,38
2631,menschenleben,38
2632,bergamo,38
2633,15000,38
2634,kreisen,38
2635,ölpreis,38
2636,alternative,38
2637,attraktiv,38
2638,fort,38
2639,traum,38
2640,david,38
2641,überprüfen,38
2642,stimme,38
2643,massenhaft,38
2644,3000,38
2645,franzosen,38
2646,verschaffen,38
2647,schiff,38
2648,details,38
2649,corona-fallzahlen,38
2650,benachteiligen,38
2651,erfolgen,38
2652,kanzlerkandidat,38
2653,anhaltend,38
2654,texas,38
2655,erweitern,38
2656,schuljahr,38
2657,vorhaben,38
2658,liberal,38
2659,betrachten,38
2660,weshalb,38
2661,dominieren,38
2662,steuereinnahmen,38
2663,erhoffen,38
2664,airbus,38
2665,kretschmer,38
2666,vorne,38
2667,zugreifen,38
2668,sender,38
2669,wahlsieg,38
2670,robert-koch-instituts,38
2671,zugelassen,38
2672,coronafälle,38
2673,7,37
2674,irgendwann,37
2675,änderungen,37
2676,orten,37
2677,gesundheitswesen,37
2678,regelungen,37
2679,sowohl,37
2680,dauer,37
2681,berechtigen,37
2682,csu-chef,37
2683,sitzung,37
2684,anfangen,37
2685,dilemma,37
2686,überlegen,37
2687,abkommen,37
2688,desinfektionsmittel,37
2689,eindeutig,37
2690,freunden,37
2691,reißen,37
2692,herz,37
2693,vertagen,37
2694,drohend,37
2695,konzentrieren,37
2696,clemens,37
2697,arbeitsbedingungen,37
2698,großbritanniens,37
2699,2015,37
2700,ausländische,37
2701,prüfung,37
2702,einrichtungen,37
2703,eis,37
2704,lagern,37
2705,sonderweg,37
2706,freiheiten,37
2707,datenschutz,37
2708,anzahl,37
2709,kapitalismus,37
2710,wiederaufbau,37
2711,arbeiter,37
2712,remdesivir,37
2713,veranstaltung,37
2714,einander,37
2715,lehre,37
2716,vorwurf,37
2717,regierungserklärung,37
2718,krankenkassen,37
2719,sprunghaft,37
2720,xi,37
2721,ber,37
2722,mischen,37
2723,airlines,37
2724,jürgen,37
2725,beamte,37
2726,halle,37
2727,zuversichtlich,37
2728,gestiegen,37
2729,champions,37
2730,corona-schnelltests,37
2731,mutante,37
2732,leserbriefe,37
2733,streeck,36
2734,pandemic,36
2735,nation,36
2736,sommerurlaub,36
2737,ärzten,36
2738,bargeld,36
2739,solange,36
2740,mitteln,36
2741,locken,36
2742,helden,36
2743,gesicht,36
2744,kürzlich,36
2745,gestalten,36
2746,medizin,36
2747,gantz,36
2748,ulrich,36
2749,lieferketten,36
2750,universitäten,36
2751,patient,36
2752,halt,36
2753,auffordern,36
2754,comeback,36
2755,beispiellos,36
2756,limit,36
2757,autoritär,36
2758,aufbauen,36
2759,eu-kommissionspräsidentin,36
2760,co,36
2761,entsprechen,36
2762,unsicher,36
2763,plattform,36
2764,motivieren,36
2765,satz,36
2766,grad,36
2767,rückzug,36
2768,sprache,36
2769,einfahren,36
2770,termine,36
2771,kundgebung,36
2772,kalt,36
2773,entwarnung,36
2774,äußerungen,36
2775,grundschulen,36
2776,michel,36
2777,impfpflicht,36
2778,hotspot,36
2779,kreativ,36
2780,corona-impfstoffen,36
2781,überwiegen,36
2782,aktionäre,36
2783,olympia,36
2784,2016,36
2785,impfstrategie,36
2786,coronazahlen,36
2787,astrazeneca-impfstoff,36
2788,draghi,36
2789,we,35
2790,relativ,35
2791,beatmen,35
2792,basis,35
2793,begegnen,35
2794,volkswagen,35
2795,priorität,35
2796,kommunalwahlen,35
2797,anderswo,35
2798,grenzschließungen,35
2799,effektiv,35
2800,bundesrat,35
2801,minderjährige,35
2802,sachen,35
2803,diskussionen,35
2804,bereichen,35
2805,strom,35
2806,märkte,35
2807,roman,35
2808,bundestagspräsident,35
2809,historische,35
2810,spanische,35
2811,beziehung,35
2812,strategien,35
2813,norwegen,35
2814,plätze,35
2815,nachmittag,35
2816,auswirken,35
2817,derjenige,35
2818,taiwan,35
2819,voraus,35
2820,regierungspartei,35
2821,modell,35
2822,umdenken,35
2823,esken,35
2824,aufgaben,35
2825,gesetzentwurf,35
2826,verbindung,35
2827,corona-opfer,35
2828,vorstoß,35
2829,bundesbank,35
2830,reproduktionszahl,35
2831,leid,35
2832,vergeben,35
2833,mittelmeer,35
2834,700,35
2835,medikamente,35
2836,55,35
2837,förderung,35
2838,klinische,35
2839,papst,35
2840,zusammenhalt,35
2841,boom,35
2842,statistische,35
2843,stefan,35
2844,verkauf,35
2845,anspannen,35
2846,korrigieren,35
2847,2018,35
2848,tiktok,35
2849,warm,35
2850,buchmesse,35
2851,wirkstoff,35
2852,200000,35
2853,dämpfen,35
2854,lüften,35
2855,virusvarianten,35
2856,maskenaffäre,35
2857,coronainfektionen,35
2858,reporter,34
2859,stammen,34
2860,verstorben,34
2861,autohersteller,34
2862,heinsberg,34
2863,ergreifen,34
2864,durchhalten,34
2865,kandidat,34
2866,nachweislich,34
2867,begriff,34
2868,desaster,34
2869,winfried,34
2870,institut,34
2871,zuversicht,34
2872,machtkampf,34
2873,müll,34
2874,rettungspaket,34
2875,landwirte,34
2876,intensivmediziner,34
2877,irren,34
2878,john,34
2879,anbieter,34
2880,spaniens,34
2881,erweisen,34
2882,denkbar,34
2883,bruttoinlandsprodukt,34
2884,gehalt,34
2885,45,34
2886,tausenden,34
2887,gerechtigkeit,34
2888,wissenschaftlich,34
2889,außerhalb,34
2890,viktor,34
2891,hinnehmen,34
2892,maximal,34
2893,erklärung,34
2894,smartphone,34
2895,beziehen,34
2896,angeboten,34
2897,ausländisch,34
2898,aussteigen,34
2899,kooperation,34
2900,saarland,34
2901,nötig,34
2902,umfeld,34
2903,verwirrung,34
2904,zweimal,34
2905,halbieren,34
2906,verordnung,34
2907,corona-pause,34
2908,bekräftigen,34
2909,vergangenheit,34
2910,prominente,34
2911,kanzlerkandidaten,34
2912,komplizieren,34
2913,labor,34
2914,schleppen,34
2915,kurse,34
2916,monatelang,34
2917,regionale,34
2918,anthony,34
2919,parteichef,34
2920,2030,34
2921,jüngste,34
2922,regelbetrieb,34
2923,öffnungen,34
2924,bill,34
2925,rätsel,34
2926,spritze,34
2927,vielversprechend,34
2928,vorzeitig,34
2929,lieferungen,34
2930,corona-demo,34
2931,einheitlich,34
2932,aktienmarkt,34
2933,kapitol,34
2934,spiegelumfrage,34
2935,corona-infizierte,33
2936,werbung,33
2937,schloss,33
2938,tom,33
2939,option,33
2940,spaltung,33
2941,absehen,33
2942,kinderbetreuung,33
2943,klopapier,33
2944,lebensmittel,33
2945,bewusst,33
2946,aufnahme,33
2947,bauern,33
2948,ethikrat,33
2949,frieden,33
2950,bedarf,33
2951,bedrohung,33
2952,bahnen,33
2953,abbauen,33
2954,olympisch,33
2955,japans,33
2956,ungerecht,33
2957,strecken,33
2958,fenster,33
2959,ärgern,33
2960,zustände,33
2961,zielen,33
2962,wettbewerb,33
2963,georg,33
2964,verschwörungstheoretiker,33
2965,verdächtigen,33
2966,mutieren,33
2967,krankheiten,33
2968,unbekannt,33
2969,finanzierung,33
2970,trauer,33
2971,spritzen,33
2972,steuerzahler,33
2973,versetzen,33
2974,frühling,33
2975,zurücktreten,33
2976,anwälte,33
2977,medikament,33
2978,himmel,33
2979,debatten,33
2980,wechseln,33
2981,verlässt,33
2982,musk,33
2983,teilnehmern,33
2984,konzepte,33
2985,wucht,33
2986,lehrkräfte,33
2987,franziska,33
2988,street,33
2989,nase,33
2990,max,33
2991,auszahlen,33
2992,einzelhändler,33
2993,karneval,33
2994,präparat,33
2995,serbien,33
2996,börsen,33
2997,corona-winter,33
2998,pence,33
2999,frankfurts,33
3000,mieter,32
3001,zoo,32
3002,bundesweite,32
3003,bewahren,32
3004,einmalig,32
3005,dorf,32
3006,vermissen,32
3007,eingehen,32
3008,gedanken,32
3009,pflegeheim,32
3010,technisch,32
3011,offensichtlich,32
3012,kanzleramtschef,32
3013,rechts,32
3014,stolz,32
3015,pompeo,32
3016,ansturm,32
3017,julia,32
3018,allianz,32
3019,wiederwahl,32
3020,nachteile,32
3021,falle,32
3022,bau,32
3023,reihen,32
3024,todesopfer,32
3025,irak,32
3026,arbeitslosenquote,32
3027,erntehelfer,32
3028,vorschriften,32
3029,aufschwung,32
3030,betrieben,32
3031,szene,32
3032,getroffen,32
3033,nämlich,32
3034,filialen,32
3035,disziplin,32
3036,umsetzung,32
3037,vernünftig,32
3038,50000,32
3039,unfall,32
3040,mord,32
3041,auszeichnen,32
3042,wahren,32
3043,misstrauen,32
3044,durcheinander,32
3045,40000,32
3046,werten,32
3047,italiener,32
3048,schäden,32
3049,hinterher,32
3050,vorstandschef,32
3051,demos,32
3052,weiten,32
3053,klasse,32
3054,heilig,32
3055,regulär,32
3056,schulöffnungen,32
3057,indisch,32
3058,mobilisieren,32
3059,floyd,32
3060,gebäude,32
3061,straftaten,32
3062,gastgewerbe,32
3063,konkurrenten,32
3064,klinisch,32
3065,friedlich,32
3066,charles,32
3067,kamala,32
3068,jahreszeit,32
3069,löw,32
3070,mutation,32
3071,sachsenanhalt,32
3072,it,31
3073,lahmlegen,31
3074,dunkelziffer,31
3075,kontaktverbot,31
3076,angeschlagen,31
3077,landesweit,31
3078,posten,31
3079,filme,31
3080,eurozone,31
3081,wünsche,31
3082,bundesrepublik,31
3083,hinten,31
3084,beatmungsgeräte,31
3085,mitglied,31
3086,ursprung,31
3087,herdenimmunität,31
3088,bundespolizei,31
3089,luxemburg,31
3090,westlich,31
3091,radfahrer,31
3092,berufen,31
3093,inseln,31
3094,wettlauf,31
3095,notbremse,31
3096,brennen,31
3097,virtuellen,31
3098,lasst,31
3099,anti-corona-maßnahmen,31
3100,garen,31
3101,anordnen,31
3102,neuartig,31
3103,leopoldina,31
3104,absurd,31
3105,museum,31
3106,karstadt,31
3107,anmelden,31
3108,teams,31
3109,auseinander,31
3110,akzeptanz,31
3111,begehren,31
3112,ansagen,31
3113,osteuropa,31
3114,singapur,31
3115,ministerium,31
3116,prekär,31
3117,böse,31
3118,prinz,31
3119,schulbetrieb,31
3120,gießen,31
3121,konzerte,31
3122,handelsabkommen,31
3123,ewig,31
3124,akut,31
3125,rki-chef,31
3126,mitunter,31
3127,flexibel,31
3128,konjunkturprogramm,31
3129,korruption,31
3130,zögern,31
3131,bundeskanzler,31
3132,ton,31
3133,band,31
3134,stemmen,31
3135,jahrelang,31
3136,flugzeuge,31
3137,migration,31
3138,wegfallen,31
3139,georgia,31
3140,schlachthöfen,31
3141,export,31
3142,verfassung,31
3143,behalten,31
3144,schlachthof,31
3145,gründer,31
3146,b,31
3147,flugverkehr,31
3148,ausgaben,31
3149,spanisch,31
3150,irland,31
3151,mehrwertsteuersenkung,31
3152,mild,31
3153,bußgeld,31
3154,haken,31
3155,risikogebiete,31
3156,blockade,31
3157,dreyer,31
3158,start-up,31
3159,’,31
3160,b117,31
3161,impfreihenfolge,31
3162,coronafolgen,31
3163,sportler,31
3164,dfb,31
3165,panik,30
3166,germany,30
3167,strengen,30
3168,main,30
3169,zunehmend,30
3170,weltkrieg,30
3171,notfalls,30
3172,cafés,30
3173,ausweg,30
3174,instagram,30
3175,erben,30
3176,beinahe,30
3177,nutzung,30
3178,löschen,30
3179,angehen,30
3180,finanzhilfen,30
3181,ägypten,30
3182,hinterlassen,30
3183,rote,30
3184,fakten,30
3185,wald,30
3186,zimmer,30
3187,nord,30
3188,podcast-update,30
3189,männern,30
3190,wirklichkeit,30
3191,einigkeit,30
3192,studium,30
3193,einschränkung,30
3194,enthalten,30
3195,corona-ausbruchs,30
3196,einreisend,30
3197,erschüttern,30
3198,festlegen,30
3199,vermelden,30
3200,bündnis,30
3201,polens,30
3202,arbeitslosenhilfe,30
3203,thüringens,30
3204,trost,30
3205,unsichtbar,30
3206,jeweils,30
3207,riskant,30
3208,mindestlohn,30
3209,gebeten,30
3210,grundrente,30
3211,corona-bekämpfung,30
3212,täter,30
3213,büros,30
3214,absehbar,30
3215,blut,30
3216,verzögerungen,30
3217,ankündigung,30
3218,schränken,30
3219,streben,30
3220,first,30
3221,schöne,30
3222,innensenator,30
3223,konsequent,30
3224,manager,30
3225,infektionsfälle,30
3226,sozialdemokraten,30
3227,beiträge,30
3228,unterzeichnen,30
3229,mannschaft,30
3230,warnungen,30
3231,start-ups,30
3232,mund-nasen-schutz,30
3233,tegel,30
3234,angriffe,30
3235,brinkhaus,30
3236,illegale,30
3237,ergebnissen,30
3238,32,30
3239,karte,30
3240,ukraine,30
3241,marburg,30
3242,rki-präsident,30
3243,stadien,30
3244,900,30
3245,landtagswahl,30
3246,britisch-schwedischen,30
3247,nüßlein,30
3248,landtagswahlen,30
3249,notenbank,30
3250,liverpool,30
3251,coronatest,30
3252,coronalockdown,30
3253,coronawelle,30
3254,unten,29
3255,sofortig,29
3256,verschulden,29
3257,nirgendwo,29
3258,drinnen,29
3259,verrücken,29
3260,insolvenzen,29
3261,vertreten,29
3262,schlafen,29
3263,historiker,29
3264,einrichten,29
3265,verwaltung,29
3266,ausbrechen,29
3267,neuesten,29
3268,respekt,29
3269,2008,29
3270,anfangs,29
3271,susanne,29
3272,mehrfach,29
3273,beteiligung,29
3274,eindringlich,29
3275,willkommen,29
3276,oliver,29
3277,gemeinschaft,29
3278,landwirtschaft,29
3279,belastungen,29
3280,see,29
3281,umfang,29
3282,park,29
3283,psychologin,29
3284,gesundheitsämtern,29
3285,ausbau,29
3286,lenken,29
3287,gott,29
3288,herzen,29
3289,ordnung,29
3290,explodieren,29
3291,schrecken,29
3292,jenseits,29
3293,2017,29
3294,gesetze,29
3295,erfüllen,29
3296,kontaktpersonen,29
3297,vorhanden,29
3298,medienberichten,29
3299,st,29
3300,änderung,29
3301,bedingt,29
3302,missbrauch,29
3303,generell,29
3304,negative,29
3305,aktienkurse,29
3306,heimisch,29
3307,extremisten,29
3308,pandemien,29
3309,querdenken,29
3310,verkehrsminister,29
3311,demonstrierend,29
3312,entschuldigen,29
3313,1200,29
3314,ard,29
3315,corona-verordnungen,29
3316,repräsentantenhaus,29
3317,mangeln,29
3318,scheidend,29
3319,botschafter,29
3320,boeing,29
3321,130,29
3322,massentests,29
3323,rundfunkbeitrag,29
3324,verbände,29
3325,panne,29
3326,kim,29
3327,selbsttests,29
3328,auslandspodcast,29
3329,coronaimpfungen,29
3330,unis,28
3331,on,28
3332,crisis,28
3333,erkrankungen,28
3334,mitgliedstaaten,28
3335,ungewiß,28
3336,fake,28
3337,nato,28
3338,vermeintlich,28
3339,42,28
3340,metropole,28
3341,emotional,28
3342,mehren,28
3343,coronavirus-fälle,28
3344,freundin,28
3345,perfekt,28
3346,weise,28
3347,prüfungen,28
3348,shutdowns,28
3349,anleihen,28
3350,offizielle,28
3351,überlasten,28
3352,symbol,28
3353,väter,28
3354,notwendige,28
3355,vorschlagen,28
3356,hacker,28
3357,polizist,28
3358,überraschung,28
3359,humanitär,28
3360,krisenzeiten,28
3361,durchführen,28
3362,militär,28
3363,waffen,28
3364,12000,28
3365,club,28
3366,gesellschaftliche,28
3367,hannover,28
3368,überwachung,28
3369,globalisierung,28
3370,beispielsweise,28
3371,veränderung,28
3372,verspielen,28
3373,ausbauen,28
3374,engpässe,28
3375,nordkorea,28
3376,moralisch,28
3377,prinzip,28
3378,rad,28
3379,unruhen,28
3380,mitarbeiterinnen,28
3381,corona-situation,28
3382,schicksal,28
3383,herum,28
3384,schlag,28
3385,cdu-politiker,28
3386,passen,28
3387,rekordhoch,28
3388,klassen,28
3389,versäumnisse,28
3390,abhängen,28
3391,staatshilfe,28
3392,genehmigung,28
3393,vergehen,28
3394,airline,28
3395,stream,28
3396,pünktlich,28
3397,album,28
3398,rekordwert,28
3399,software,28
3400,sap,28
3401,keller,28
3402,fliehen,28
3403,aggressiv,28
3404,herstellern,28
3405,umsätze,28
3406,ausgleichen,28
3407,zurücknehmen,28
3408,asien,28
3409,hildmann,28
3410,agenda,28
3411,stagnieren,28
3412,auffallen,28
3413,boomen,28
3414,klöckner,28
3415,übertreffen,28
3416,verheerend,28
3417,landrat,28
3418,kölner,28
3419,tour,28
3420,manuel,28
3421,impfstoffverteilung,28
3422,heiligabend,28
3423,nächtliche,28
3424,myanmar,28
3425,mutationen,28
3426,zverev,28
3427,nachts,27
3428,no,27
3429,i,27
3430,krisenmanager,27
3431,beruhigen,27
3432,corona-risikogebieten,27
3433,froh,27
3434,corona-krisenmanagement,27
3435,kurzarbeiter,27
3436,zuschüsse,27
3437,fahrer,27
3438,prominent,27
3439,irgendwie,27
3440,schock,27
3441,oma,27
3442,social,27
3443,ungewiss,27
3444,frust,27
3445,ökonom,27
3446,heim,27
3447,klimaziele,27
3448,prioritäten,27
3449,pendler,27
3450,allmählich,27
3451,iv,27
3452,tiefe,27
3453,ängste,27
3454,bildschirm,27
3455,are,27
3456,verfügen,27
3457,angebote,27
3458,preisen,27
3459,erzieher,27
3460,terror,27
3461,angepasst,27
3462,hochfahren,27
3463,abitur,27
3464,gang,27
3465,festival,27
3466,pflegeheime,27
3467,musiker,27
3468,netzwerk,27
3469,saudi-arabien,27
3470,bestreiten,27
3471,familienministerin,27
3472,gabriel,27
3473,weich,27
3474,schwören,27
3475,rechtsstaatlichkeit,27
3476,kaufhof,27
3477,fonds,27
3478,heutig,27
3479,adidas,27
3480,großstädte,27
3481,spannen,27
3482,fit,27
3483,beherrschen,27
3484,feind,27
3485,verwaltungsgericht,27
3486,aufhebung,27
3487,experiment,27
3488,anwendung,27
3489,sehnen,27
3490,garantieren,27
3491,politikern,27
3492,aushalten,27
3493,ungleich,27
3494,paul,27
3495,spielraum,27
3496,infektionsketten,27
3497,verstoß,27
3498,ablaufen,27
3499,konkrete,27
3500,infektionsrisiko,27
3501,kfw,27
3502,erforderlich,27
3503,tiefpunkt,27
3504,ernten,27
3505,ausweitung,27
3506,mindestabstand,27
3507,engagement,27
3508,baldige,27
3509,ministerpräsidentin,27
3510,elon,27
3511,hygienekonzept,27
3512,fahrrad,27
3513,frühestens,27
3514,niemals,27
3515,schlachtbetrieb,27
3516,fluggesellschaften,27
3517,beschlussvorlage,27
3518,gates,27
3519,dutzend,27
3520,aussichten,27
3521,landkreisen,27
3522,immunität,27
3523,kontoauszug,27
3524,rutte,27
3525,bevorzugen,27
3526,biotechunternehmen,27
3527,charité,27
3528,corona-leugnern,27
3529,skigebiete,27
3530,nationalspieler,27
3531,bundestrainer,27
3532,bewirken,26
3533,neuverschuldung,26
3534,positionen,26
3535,einladen,26
3536,rente,26
3537,einwohnern,26
3538,corona-bedingten,26
3539,provinz,26
3540,langeweile,26
3541,solidarisch,26
3542,benutzen,26
3543,föderalismus,26
3544,seltsam,26
3545,erwischen,26
3546,siegen,26
3547,tv-duell,26
3548,erliegen,26
3549,modelle,26
3550,erledigen,26
3551,namens,26
3552,kapital,26
3553,präsidentschaftskandidat,26
3554,oberste,26
3555,eingreifen,26
3556,populismus,26
3557,gewählt,26
3558,diktatur,26
3559,show,26
3560,seele,26
3561,matthias,26
3562,dramatische,26
3563,begreifen,26
3564,kapazitäten,26
3565,haltung,26
3566,wiedereröffnung,26
3567,intern,26
3568,bonus,26
3569,schrecklich,26
3570,artikel,26
3571,vorstellung,26
3572,rechtsstaat,26
3573,altenheim,26
3574,erleiden,26
3575,wiederaufbaufonds,26
3576,zwangspause,26
3577,lehrern,26
3578,videos,26
3579,antisemitismus,26
3580,parks,26
3581,120,26
3582,gelegenheit,26
3583,außen,26
3584,mobilität,26
3585,ausblick,26
3586,barcelona,26
3587,bewusstsein,26
3588,konferenz,26
3589,spahns,26
3590,eskalation,26
3591,abschluss,26
3592,anmessen,26
3593,lieferengpässe,26
3594,europe,26
3595,vorgänger,26
3596,annegret,26
3597,mutig,26
3598,kundgebungen,26
3599,energie,26
3600,ryanair,26
3601,ausbleiben,26
3602,baerbock,26
3603,strände,26
3604,verantworten,26
3605,präsidentin,26
3606,neuartige,26
3607,attacke,26
3608,schleichen,26
3609,austreten,26
3610,verträge,26
3611,daniel,26
3612,skepsis,26
3613,entwurf,26
3614,66,26
3615,profis,26
3616,intensiv,26
3617,wertvoll,26
3618,delegieren,26
3619,küren,26
3620,gebühren,26
3621,500000,26
3622,verringern,26
3623,alkoholverbot,26
3624,gesundheitsministerin,26
3625,probanden,26
3626,realistisch,26
3627,melania,26
3628,warnstufe,26
3629,impfplan,26
3630,usregierung,26
3631,klose,26
