,title,subtitle,date_published,url,is_paid
0,"
							Amerika und Deutschland investieren am meisten in Impfstoffe
			        ","
						In Deutschland kommt die Impfkampagne nicht voran. Die Entwicklung der Impfstoffe von Biontech, Curevac und Co. wurde mit staatlichem Geld vorangebracht. Deutschland gab nach den Vereinigten Staaten dafür am meisten aus. 
					",2021-03-31T08:01:59+0200,https://www.faz.net/suche/usa-und-deutschland-investieren-am-meisten-in-corona-impfstoffe-17271973.html,false
1,"
							Merkel drängt Länderchefs zum Umsetzen der Notbremse
			        ","
						Die Kanzlerin nennt den jüngsten Bund-Länder-Gipfel eine „Zäsur“ – und fordert konsequentes Handeln. Die Bundesregierung will einen Puffer für Impfstoff-Produktionen. Und die „Ever Given“, das im Suezkanal havarierte Schiff, ist teilweise freigeschleppt. Der Newsletter für Deutschland.
					",2021-03-29T06:45:31+0200,https://www.faz.net/suche/f-a-z-fruehdenker-merkel-draengt-laender-zum-umsetzen-der-notbremse-17268312.html,false
2,"
							Was taugt die Biontech-Aktie?
			        ","
						Auf Unternehmen wie Biontech und Moderna ruhen die Hoffnungen der Welt. Dafür sind die Aktien noch relativ günstig.
					",2021-03-28T16:35:39+0200,https://www.faz.net/suche/impfstoffe-fuers-depot-was-taugt-die-biontech-aktie-17263993.html,true
3,"
							„Wir werden die komplette Produktion elektrifizieren“
			        ","
						Der Chemieriese BASF will den gesamten Produktionsprozess umstellen von Öl und Gas auf Strom, sagt Vorstandschef Brudermüller. Das milliardenschwere Umbauprogramm könnte zum Meilenstein der chemischen Industrie werden.
					",2021-03-26T11:00:18+0100,https://www.faz.net/suche/basf-chef-im-interview-gesamte-produktion-wird-elektrifiziert-17262876.html,true
4,"
							EU-Gipfel für bessere Kontrolle von Impfstoff-Exporten
			        ","
						Die EU möchte den Impfstoffexport besser kontrollieren. Mitgliedstaaten können diesen nun im Einzelfall untersagen – Entwicklungsländer soll das aber nicht treffen.
					",2021-03-25T19:58:02+0100,https://www.faz.net/suche/eu-staaten-beraten-ueber-impfstoffexporte-17263581.html,false
5,"
							Impfstoffbeauftragter rechnet mit zweitem deutschen Vakzin ab Juni
			        ","
						Die Bundesregierung setze „große Hoffnung“ in Curevac, sagt Christoph Krupp. Sollte die Zulassung durch die europäische Arzneimittelbehörde EMA pünktlich klappen, könnte der neue Impfstoff ab etwa Juli gespritzt werden. 
					",2021-03-25T03:21:37+0100,https://www.faz.net/suche/curevac-zweiter-deutscher-impfstoff-wahrscheinlich-ab-sommer-17262147.html,false
6,"
							„Wir beschäftigen uns in Deutschland immer zuerst mit den Risiken“
			        ","
						Der Chef des Pharmaunternehmens Boehringer Ingelheim spricht über Corona-Arzneien und die komplexe Produktion von Impfstoffen, politischen Druck und welche Prioritäten er beim Management der Pandemie setzen würde. 
					",2021-03-24T12:49:33+0100,https://www.faz.net/suche/chef-von-boehringer-ingelheim-ueber-produktion-von-corona-impfstoff-17260845.html,false
7,"
							Keine Impf-Angst vor Schüttelfrost
			        ","
						Im Podiumsgespräch mit F.A.Z.-Redakteur Sascha Zoske macht Sanofi-Geschäftsführer Jochen Maas Mut. Er glaubt, dass bis Ende September alle Deutschen ein Impfangebot bekommen werden.
					",2021-03-23T17:41:31+0100,https://www.faz.net/suche/wissenschaft-im-dialog-sanofi-geschaeftsfuehrer-maas-zu-impfungen-und-astra-zeneca-17259672.html,true
8,"
							Noch drei Monate warten auf Curevac
			        ","
						Mehr Tempo ist in Tübingen nicht in Sicht: Die neuen Virus-Varianten könnten die laufenden Studien bei Curevac beeinflussen. Den Anlegern scheint das nicht zu gefallen.

					",2021-03-17T19:51:57+0100,https://www.faz.net/suche/corona-impfstoff-von-curevac-mutation-kann-studie-beeinflussen-17250143.html,false
9,"
							Corona-Impfstoffe im Vergleich
			        ","
						Im Kampf gegen Corona darf in der EU künftig auch der Impfstoff von Johnson & Johnson genutzt werden. Damit sind es vier zugelassene Präparate. Wo gibt es Unterschiede, wo Gemeinsamkeiten? 
					",2021-03-11T17:11:29+0100,https://www.faz.net/suche/biontech-moderna-astra-zeneca-corona-impfstoffe-im-vergleich-17239101.html,false
10,"
							Wo bleibt der Applaus?
			        ","
						Alle schimpfen über das Impf-Chaos, doch die Forschung liefert stetig neue Vakzine und auch Optionen für mutige Impfstoff-Kombinationen. Eigentlich ein Luxus. 
					",2021-03-11T16:45:19+0100,https://www.faz.net/suche/corona-impfstoffe-wo-bleibt-der-applaus-17229123.html,false
11,"
							Wird Sputnik V Europas Impfstoff Nummer sieben?
			        ","
						Die EU prüft nun auch die Zulassung von Sputnik V. Wann der Corona-Impfstoff hier auf dem Markt sein wird, bleibt aber ungewiss. Könnte Russland überhaupt nennenswerte Mengen liefern?
					",2021-03-04T16:52:09+0100,https://www.faz.net/suche/ema-beginnt-pruefverfahren-fuer-corona-impfstoff-sputnik-v-17227501.html,true
12,"
							Novartis produziert für Curevac
			        ","
						Das Tübinger Unternehmen Curevac hat einen neuen Partner für die Produktion seines Corona-Impfstoffs gefunden. Schon im Sommer könnte mit den Lieferungen begonnen werden. 
					",2021-03-04T14:25:17+0100,https://www.faz.net/suche/impfstoff-cvncov-novartis-produziert-fuer-curevac-17227390.html,false
13,"
							Covid-19-Medikamente lassen auf sich warten
			        ","
						Alle Hoffnungen ruhen auf den Impfstoffen – bei der Förderung für die Forschung an Covid-19-Medikamenten tue sich hingegen zu wenig, beklagen die Grünen. Die wenigen Mittel für ihre Entwicklung stünden in einem „krassen Missverhältnis“ zu den sonstigen Ausgaben in der Pandemie.

					",2021-02-27T10:37:21+0100,https://www.faz.net/premiumContent?contentId=1.7217973,false
14,"
							Warum das Impfen in Deutschland so langsam geht
			        ","
						In den Zentren gibt es zu viel Impfstoff, für die Hausärzte fehlen noch Impfdosen. Bis Anfang August könnten wir alle immun sein, doch wo hakt es aktuell bei der Organisation der Impfkampagne? Die drängendsten Fragen.

					",2021-02-27T08:22:28+0100,https://www.faz.net/suche/warum-das-impfen-in-deutschland-so-langsam-geht-17218556.html,true
15,"
							Astra-Zeneca-Chef Soriot auf verlorenem Posten
			        ","
						Der Chef des Impfstoffherstellers Astra-Zeneca kommt im Europaparlament nicht aus der Defensive. Der Ärger über die fortgesetzten Lieferausfälle seines Unternehmens hat sich in der EU festgesetzt.
					",2021-02-25T20:31:26+0100,https://www.faz.net/premiumContent?contentId=1.7216992,false
16,"
							Hat Astra-Zeneca schon wieder zu viel versprochen?
			        ","
						Der Pharmakonzern Astra-Zeneca produziert wohl auch im zweiten Quartal weniger als zugesagt. Gesundheitsminister Jens Spahn versucht zu beruhigen.

					",2021-02-24T22:22:54+0100,https://www.faz.net/premiumContent?contentId=1.7214798,false
17,"
							Fortschritt wider Willen
			        ","
						Jahrelang haben die Deutschen neue Techniken blockiert. Dann kam die Pandemie. Überlistet sie uns zu Digitalisierung und Wohlstand?
					",2021-02-21T14:34:48+0100,https://www.faz.net/suche/warum-corona-loehne-und-produktivitaet-steigern-kann-17200404.html,true
18,"
							Deutschland ist auf Massenimpfungen nicht vorbereitet
			        ","
						Schon in wenigen Wochen wird Deutschland so viel Impfstoff haben, dass den Impfzentren eine Überlastung droht. Wird die bisherige Priorisierung von Risikogruppen dann zum Problem?
					",2021-02-21T10:05:16+0100,https://www.faz.net/suche/deutschland-ist-auf-corona-massenimpfungen-nicht-vorbereitet-17206804.html,true
19,"
							So sollen Hausärzte die Impfzentren unterstützen
			        ","
						Bislang war beim Corona-Impfstoff immer von einem Mangel die Rede. Doch schon bald könnte es mehr Impfstoff geben, als die Zentren verarbeiten können – deshalb ruhen die Hoffnungen nun auf den Hausärzten.

					",2021-02-19T06:54:06+0100,https://www.faz.net/suche/so-sollen-hausaerzte-die-corona-impfzentren-unterstuetzen-17205069.html,true
20,"
							Frankreich fahndet nach Forschungserfolg
			        ","
						Louis Pasteur war ein Pionier bei der Erforschung von Infektionskrankheiten. Doch nun hadert das Land des Vordenkers mit sich, weil Forschungsdurchbrüche im Kampf gegen Covid-19 ausbleiben. Was läuft falsch? 


					",2021-02-17T06:51:19+0100,https://www.faz.net/suche/corona-impfstoff-entwicklung-in-frankreich-ohne-erfolg-17201150.html,true
21,"
							Laschet: „Ein Lichtblick“ für weiteren Pandemieverlauf
			        ","
						Das Vakzin des Tübinger Unternehmens „Curevac“ und der „Bayer AG“ soll im zweiten Quartal des Jahres seine Zulassung erhalten. Für die globale Pandemiebekämpfung seien das gute Nachrichten, so Laschet.
					",2021-02-15T16:49:58+0100,https://www.faz.net/suche/laschet-bezeichnet-curevac-impfstoff-als-lichtblick-fuer-pandemiebekaempfung-17199598.html,false
22,"
							Curevac startet Zulassungsverfahren mit Europäischer Arzneimittelbehörde
			        ","
						Im Rennen um den Covid-Impfstoff ist das Unternehmen im Rückstand. Aber jetzt geht es in die entscheidende Phase für die Marktzulassung seines Impfstoffes in Europa.
					",2021-02-12T12:35:44+0100,https://www.faz.net/premiumContent?contentId=1.7194463,false
23,"
							Regierung sorgt sich um fehlende Corona-Spritzen
			        ","
						Impfstoff ist nicht alles: Der Regierung geht es nun auch darum, dass die Ausrüstung drum herum ausreichend verfügbar ist.
					",2021-02-11T14:02:12+0100,https://www.faz.net/premiumContent?contentId=1.7192524,false
24,"
							Am Impfstoff wird sie gemessen
			        ","
						Wegen der Impfstoffbestellung für die EU erlebt Ursula von der Leyen ihre ernsteste Krise als Kommissionspräsidentin. Die Drohung mit Grenzkontrollen in Nordirland geriet zum Desaster. Wer hat es verbockt?
					",2021-02-10T07:25:22+0100,https://www.faz.net/suche/corona-impfstoff-von-der-leyens-krise-bei-der-impf-bestellung-17189577.html,true
25,"
							Nächster Impfstoff in der Warteschleife
			        ","
						Die klinische Studie mit dem Covid-19-Impfstoff des Tübinger Biotech-Unternehmens „CureVac“ soll schneller als geplant abgeschlossen werden. Bei positivem Ergebnis könnte die Zulassungsbeantragung im Frühling folgen.
					",2021-02-08T20:39:28+0100,https://www.faz.net/suche/corona-impfstoff-von-curevac-in-finaler-testphase-17188547.html,false
26,"
							Der Ausverkauf nach Amerika
			        ","
						Der Börsenstandort Deutschland scheint selbst für einheimische Firmen an Attraktivität zu verlieren, denn immer mehr deutsche Unternehmen finden ihr Börsenglück in Amerika. Das neue Zauberwort heißt Spacs.

					",2021-02-08T13:29:16+0100,https://www.faz.net/suche/deutsche-unternehmen-suchen-boersenglueck-in-amerika-17173147.html,true
27,"
							„Die können gern die Jüngeren nehmen“
			        ","
						Millionen Deutsche warten auf ihren ersten Impftermin. Einige haben schon die zweite Spritze bekommen – und hadern mit der Bevorzugung. Über Gerechtigkeit in Zeiten der Pandemie. 
					",2021-02-06T10:28:34+0100,https://www.faz.net/suche/reportage-ueber-corona-impfzentren-gerechtigkeit-bei-der-impfung-17183275.html,true
28,"
							Schnelligkeit schlägt Größe
			        ","
						Das Ende des integrierten Daimler-Konzerns ist ein strategischer Zug. Auf vielen börsennotierten Konzernen lastet derzeit ein enormer Aufspaltungsdruck. Das hat vor allem zwei Gründe.
					",2021-02-05T15:21:04+0100,https://www.faz.net/suche/konzern-aufspaltungen-schnelligkeit-schlaegt-groesse-17181827.html,true
29,"
							Großbritannien sichert sich 50 Millionen zukünftige Impfdosen
			        ","
						Die Tübinger arbeiten mit der britischen Regierung zusammen, um Impfstoffkandidaten gegen die Virus-Varianten zu entwickeln. Als Teil der Vereinbarung stehen dem Land Millionen Impfstoffe zu, wenn die Vakzine zugelassen werden.
					",2021-02-05T15:07:41+0100,https://www.faz.net/premiumContent?contentId=1.7183129,false
30,"
							Wasser im Wein
			        ","
						Der Frankfurter Handelsplatz ist um einen Tech-Wert reicher. Doch der erfolgreiche IPO von Auto1 kann nicht darüber hinwegtäuschen, dass viele deutsche Unternehmen lieber in New York an die Börse gehen. 
					",2021-02-04T14:11:14+0100,https://www.faz.net/premiumContent?contentId=1.7181219,false
31,"
							EU will bei Impfstoffproduktion unabhängig werden
			        ","
						Die Staatengemeinschaft soll innerhalb der kommenden zwei Jahre bei der Produktion von Impfstoffen gegen das Coronavirus autonom werden. Eine „Task Force“ soll die Herstellung vorantreiben.
					",2021-02-04T10:24:45+0100,https://www.faz.net/premiumContent?contentId=1.7180540,false
32,"
							Curevac will mit Glaxo-Smith-Kline Impfstoff entwickeln
			        ","
						Das Tübinger Biopharma-Unternehmen schließt eine Kooperation mit dem britischen Pharma-Konzern Glaxo-Smith-Kline, um einen Super-Impfstoff für die aufkommenden Mutanten zu entwickeln.
					",2021-02-03T10:50:29+0100,https://www.faz.net/premiumContent?contentId=1.7179170,false
33,"
							„Notwirtschaft für Impfstoff bringt nichts“
			        ","
						Der Pharmakonzern Bayer steigt in die Produktion von Corona-Impfstoff ein. Vorstandschef Werner Baumann erklärt den Sinneswandel und wie man eine ganze Fabrik für diese Aufgabe umbaut.
					",2021-02-03T07:10:37+0100,https://www.faz.net/suche/bayer-chef-zum-einstieg-in-die-produktion-von-corona-impfstoff-17178263.html,true
34,"
							Ein Grund, warum es nicht schneller mit dem Impfstoff geht
			        ","
						Beim Impfgipfel lernte auch die Bundeskanzlerin: Gäbe es mehr Lipide, könnte man viel mehr Impfdosen produzieren. Was hat es damit auf sich? 
					",2021-02-02T21:50:12+0100,https://www.faz.net/premiumContent?contentId=1.7178171,false
35,"
							„Mehr Sicherheit bei der Vergabe von Impfterminen“
			        ","
						Bund und Länder sind sich bei ihrem Gipfel einig: Im ersten Quartal bleibt es noch schwierig mit den Impfstoffen, dann wird es besser. Ein nationaler Impfplan soll mehr Berechenbarkeit bringen.
					",2021-02-01T21:25:13+0100,https://www.faz.net/premiumContent?contentId=1.7176469,false
36,"
							Theoretisch bekommt Deutschland mehr als genug Impfstoff
			        ","
						Alle reden über Knappheit. Dabei könnte Deutschland in diesem Jahr mit 322 Millionen Dosen beliefert werden – das würde sogar reichen, um jeden Deutschen zweimal zu immunisieren. Fragt sich nur, ob die wirklich kommen.
					",2021-02-01T14:58:10+0100,https://www.faz.net/premiumContent?contentId=1.7176022,false
37,"
							Impfen statt schimpfen
			        ","
						Pharmakonzerne stehen am Pranger, weil die Corona-Impfstoffe nicht so schnell geliefert werden wie erhofft. Aber nur ein Hersteller hat wirklich geschlampt.
					",2021-02-01T14:09:53+0100,https://www.faz.net/suche/corona-impfung-pharmakonzerne-stehen-am-pranger-17172215.html,true
38,"
							Spahn dämpft die Erwartungen
			        ","
						Vor dem Impfgipfel sprechen Jens Spahn und Armin Laschet mit Curevac und Bayer. Bis zum Jahresende stünden mehrere hundert Millionen Dosen zur Verfügung, verspricht Curevac-Chef Haas. Der Gesundheitsminister mahnt, in der Debatte realistisch zu bleiben. 
					",2021-02-01T13:18:38+0100,https://www.faz.net/premiumContent?contentId=1.7175783,false
39,"
							Bayer will Curevac-Impfstoff produzieren
			        ","
						Ende des Jahres sollen mehrere hundert Millionen Impfdosen zur Verfügung stehen. Die EU-Kommission hat bei Curevac 220 Millionen Dosen vorbestellt.
					",2021-02-01T11:56:23+0100,https://www.faz.net/premiumContent?contentId=1.7175690,false
40,"
							Bayer steigt in Produktion von Curevac ein
			        ","
						Der Pharmariese Bayer steigt in die Produktion eines Corona-Impfstoffs von Curevac ein und will im kommenden Jahr 160 Millionen Dosen herstellen. 
					",2021-02-01T11:48:30+0100,https://www.faz.net/suche/bayer-steigt-in-impfstoffproduktion-von-curevac-ein-17175788.html,false
41,"
							Was läuft da schief, Herr Spahn?
			        ","
						Gesundheitsminister Jens Spahn über die Probleme beim Impfen, das Gemeinschaftsgefühl in der Krise – und die harten Wochen, die noch vor uns liegen.

					",2021-01-30T15:04:45+0100,https://www.faz.net/suche/jens-spahn-im-interview-ueber-die-corona-pandemie-17172221.html,true
42,"
							Astra-Zeneca will Streit mit der EU beilegen
			        ","
						Im Streit zwischen der EU und dem Impfstoffhersteller Astra-Zeneca zeichnet sich eine Annäherung ab. Brüssel zeigt sich vorsichtig optimistisch, aber beharrt auf seinen Forderungen an das Unternehmen. 
					",2021-01-29T15:59:27+0100,https://www.faz.net/premiumContent?contentId=1.7171488,false
43,"
							Impfstoff von Johnson & Johnson zeigt Wirksamkeit von 66 Prozent
			        ","
						Der nächste Pharmahersteller veröffentlicht Wirksamkeitsdaten seines Impfstoffkandidaten. Das Mittel von Johnson&Johnson hätte den Vorteil, dass von ihm nur eine Dosis verabreicht werden muss und nicht wie üblich zwei.
					",2021-01-29T14:52:30+0100,https://www.faz.net/premiumContent?contentId=1.7171559,false
44,"
							Was die Kooperation bei der Impfstoffherstellung schwierig macht
			        ","
						Der französische Pharmakonzern Sanofi produziert künftig Corona-Impfstoff für Biontech. Das wirft die Frage auf, ob nicht noch mehr Kooperationen möglich sind. In Amerika wird bereits verhandelt.

					",2021-01-28T12:50:54+0100,https://www.faz.net/suche/corona-impfstoff-der-kampf-um-produktionskapazitaeten-17168166.html,true
45,"
							Neue Curevac-Aktien kosten 90 Dollar
			        ","
						Der Tübinger Impfstoffentwickler Curevac holt sich frisches Kapital. Fünf Millionen Aktien werden mit einem deutlichen Abschlag zum Preis von je 90 Dollar angeboten.
					",2021-01-28T08:42:09+0100,https://www.faz.net/premiumContent?contentId=1.7169002,false
46,"
							Kooperiert endlich!
			        ","
						Sanofi will den Corona-Impfstoff der Konkurrenten Biontech und Pfizer herstellen. Das sollte kein Einzelfall bleiben.
					",2021-01-26T20:12:46+0100,https://www.faz.net/premiumContent?contentId=1.7166710,false
47,"
							Sanofi will Biontech-Pfizer-Impfstoff in Frankfurt produzieren
			        ","
						Sanofi ist mit der eigenen Impfstoff-Entwicklung nicht vorangekommen. Jetzt will der Pharmakonzern seine Produktionsstätten für andere Hersteller freigeben und so rund 100 Millionen Dosen mehr liefern als sonst möglich wäre.
					",2021-01-26T18:51:52+0100,https://www.faz.net/premiumContent?contentId=1.7166638,false
48,"
							Neue Risiken für die deutsche Impfstrategie
			        ","
						Ob der Astra-Zeneca-Impfstoff auch für Ältere zugelassen wird, ist unklar. Sollte das nicht passieren, müsste Gesundheitsminister Spahn die Verordnung ändern, die die Impfreihenfolge festlegt. Dazu wäre er bereit.
					",2021-01-26T17:49:28+0100,https://www.faz.net/suche/neue-risiken-fuer-die-deutsche-impfstrategie-17166303.html,true
49,"
							Curevac plant Kapitalerhöhung
			        ","
						Der Tübinger Impfstoffentwickler testet seinen Impfstoff derzeit noch. Zum ersten Mal seit seinem Börsengang im August will das Unternehmen jetzt frisches Geld von Aktionären einsammeln.
					",2021-01-26T07:55:50+0100,https://www.faz.net/premiumContent?contentId=1.7165301,false
50,"
							EU fällt im Impfrennen weiter zurück
			        ","
						Astra-Zenecas Lieferschwierigkeiten bringen Berlin und Brüssel abermals in Erklärungsnot. Man hofft jetzt auf den Februar und Joe Biden, denn bislang produziert Amerika nur für sich.
					",2021-01-24T17:32:33+0100,https://www.faz.net/suche/corona-eu-faellt-im-impfrennen-weiter-zurueck-17162848.html,true
51,"
							Steuersenkungen sind ein Beitrag zum Gemeinwohl
			        ","
						Wenn es um steuerliche Belastung geht, belegt Deutschland in fast jedem Ranking den Spitzenplatz. Das kann so nicht bleiben. Ein Gastbeitrag.
					",2021-01-22T14:37:25+0100,https://www.faz.net/suche/finanzpolitik-steuersenkungen-sind-ein-beitrag-zum-gemeinwohl-17156633.html,true
52,"
							„Da herrscht eine Föderale Corona-Kakophonie“
			        ","
						Viele ältere und vorerkrankte Menschen suchen dringend Rat über die Impfung, andere haben nur schwerlich Zugang zur Terminvergabe. Bei der Quote der Erstimpfungen hinkt Deutschland hinterher. Ein Überblick. 
					",2021-01-19T19:16:14+0100,https://www.faz.net/suche/patientenberater-bemaengeln-da-herrscht-eine-foederale-corona-kakophonie-17154477.html,true
53,"
							Die Pandemie lässt viele Pharmaaktien kalt
			        ","
						Eigentlich müsste die Pfizer-Aktie von der starken Nachfrage nach Corona-Impfstoff profitieren und abheben. Doch die Aktie kostet so viel wie vor zweieinhalb Jahren. Wie  können Anleger von der Impfwelle profitieren?
					",2021-01-19T09:52:47+0100,https://www.faz.net/premiumContent?contentId=1.7152870,false
54,"
							Wütende Republikaner und manipulative Partner
			        ","
						Mit unserem Angebot F+ erhalten Sie für nur 2,95 Euro in der Woche Zugriff auf alle exklusiven Beiträge auf FAZ.NET. Unter anderem auf diese beliebtesten Stücke der ganzen Woche.
					",2021-01-15T11:41:05+0100,https://www.faz.net/premiumContent?contentId=1.7147461,false
55,"
							Was steht in den Impfstoff-Verträgen?
			        ","
						Einzelne Europaabgeordnete können jetzt den Vertrag der Kommission mit Curevac einsehen. Die anderen Hersteller lehnen das bislang ab. Über den Erkenntnisgewinn der Lektüre gehen die Meinungen auseinander.
					",2021-01-15T08:28:20+0100,https://www.faz.net/premiumContent?contentId=1.7146434,false
56,"
							Impfstoffentwickler sorgen für Finanzierungsrekord
			        ","
						Noch nie zuvor ist so viel Geld in die deutsche Biotechnologie-Branche geflossen wie im vergangenen Jahr. Dafür sorgten vor allem zwei Unternehmen. 
					",2021-01-14T13:52:20+0100,https://www.faz.net/premiumContent?contentId=1.7145853,false
57,"
							„Das Virus kann uns nicht entkommen“
			        ","
						Curevac-Gründer Ingmar Hoerr über seine Entdeckung der Technologie für den Corona-Impfstoff, die Abweisung durch Geldgeber – und warum in der Pharmaindustrie kein Stein auf dem anderen bleiben wird.

					",2021-01-14T06:08:58+0100,https://www.faz.net/suche/curevac-gruender-hoerr-coronavirus-kann-uns-nicht-entkommen-17144031.html,true
58,"
							Keine Rede mehr von Impfversagen
			        ","
						Die EU gibt weitere Impfstoff-Bestellungen bekannt. Wie schnell die geliefert werden, entscheidet über das Tempo der Impfungen. Beruhigt hat sich die Diskussion über eine angebliche deutsche Zusatzbestellung zu Lasten der EU. 
					",2021-01-12T20:02:01+0100,https://www.faz.net/premiumContent?contentId=1.7142662,false
59,"
							Zehn Milliarden Euro für mehr Impfstoff
			        ","
						Ohne die EU gäbe es weder einen schnell verfügbaren und wirksamen europäischen Corona-Impfstoff noch genug Impfdosen für die gesamte Welt. Doch eine weitere Impfoffensive ist notwendig. Ein Gastbeitrag.
					",2021-01-11T17:32:22+0100,https://www.faz.net/suche/manfred-weber-zehn-milliarden-euro-fuer-mehr-impfstoff-17140751.html,true
60,"
							Die Curevac-Hängepartie
			        ","
						Ausgerechnet der Impfstoffhersteller, an dem sich Deutschland beteiligt hat, braucht noch Zeit. Eine Zulassung ist im zweiten Quartal 2021 geplant. In Brüssel kursiert nun ein interessantes Gedankenspiel.

					",2021-01-11T09:05:05+0100,https://www.faz.net/suche/curevac-deutschands-naechster-corona-impfstoff-braucht-noch-zeit-17137083.html,true
61,"
							Hätte Spahn es allein machen sollen?
			        ","
						Viele werfen dem Gesundheitsminister vor, er habe zu wenig Impfstoff für Deutschland besorgt. Sie sagen: Er nahm zu viel Rücksicht auf Europa. Selbst der Koalitionspartner geht auf ihn los.
					",2021-01-10T15:16:32+0100,https://www.faz.net/suche/holpriger-impfstart-haette-spahn-es-allein-machen-sollen-17136415.html,true
62,"
							Heute bestellt, aber wann geliefert?
			        ","
						Die EU bestellt noch einmal viele Millionen Dosen des Corona-Impfstoffs. Der soll auch gegen die neue Variante wirksam sein. Doch die große Frage bleibt, wann die Dosen verimpft werden können.
					",2021-01-08T19:28:08+0100,https://www.faz.net/suche/eu-bestellt-mehr-impfstoff-wann-kann-er-geimpft-werden-17136794.html,true
63,"
							Gelingt Olaf Scholz der Befreiungsschlag?
			        ","
						Bund und Länder präzisieren, wie der Mangel verwaltet werden soll, bis mehr Impfstoff da ist. Der Finanzminister legt seinen Plan für mehr „Biss“ bei der Bafin vor. Der Putsch in Myanmar ist Thema in New York. Der Newsletter für Deutschland.
					",2021-01-08T06:17:02+0100,https://www.faz.net/premiumContent?contentId=1.7176947,false
64,"
							140 Millionen Impfdosen sicher
			        ","
						Gesundheitsminister Spahn bekommt Rückendeckung von der Opposition. 30 Millionen Impfstoff-Dosen sollen geliefert werden, wann ist allerdings unklar.

					",2021-01-07T20:56:03+0100,https://www.faz.net/premiumContent?contentId=1.7135064,false
65,"
							Curevac und Bayer schließen Impfstoff-Partnerschaft
			        ","
						Im Rennen um die schnellstmögliche Bereitstellung eines Corona-Impfstoffs hat sich der Tübinger Entwickler Curevac die Unterstützung des Pharmariesen Bayer gesichert. 
					",2021-01-07T11:44:22+0100,https://www.faz.net/suche/kampf-gegen-corona-curevac-und-bayer-schliessen-impfstoff-partnerschaft-17135084.html,false
66,"
							Bayer und Curevac tun sich zusammen
			        ","
						Der Pharmakonzern und das Tübinger Unternehmen wollen für „Entwicklung und Bereitstellung“ zusammenarbeiten. Der Impfstoff von Curevac wird derzeit in der zulassungsrelevanten Phase-III-Studie erprobt.
					",2021-01-07T09:07:29+0100,https://www.faz.net/premiumContent?contentId=1.7134253,false
67,"
							Der zweite Hoffnungsträger
			        ","
						Europa hat einen zweiten Corona-Impfstoff: Die EU-Kommission hat das Präparat des amerikanischen Herstellers Moderna freigegeben. Kann man sich jetzt also aussuchen, womit man geimpft werden will? Wir beantworten die wichtigsten Fragen zum neuen Mittel.
					",2021-01-06T18:23:00+0100,https://www.faz.net/suche/corona-impfstoff-von-moderna-der-zweite-hoffnungstraeger-17133513.html,true
68,"
							Wer ist schuld, dass Impfstoff fehlt?
			        ","
						Hat die EU bei der Impfstoff-Bestellung falsche Entscheidungen getroffen? Und hätte Deutschland es allein besser gemacht? Wir beantworten die wichtigsten Fragen zur Beschaffungs-Debatte.
					",2021-01-06T10:05:29+0100,https://www.faz.net/suche/corona-impfstoff-bestellung-falsche-strategie-der-eu-17132137.html,true
69,"
							Woran es in Europa hakt
			        ","
						In vielen europäischen Staaten läuft das Impfen zäh an. Das hat viel mit Planungsfehlern zu tun – und meist wenig mit Brüssels Strategie bei der Impfstoffbeschaffung.

					",2021-01-06T10:04:41+0100,https://www.faz.net/suche/corona-impfung-in-europa-warum-das-impfen-langsam-gestartet-ist-17131985.html,true
70,"
							Warum andere Fabriken nicht einfach Corona-Impfstoff herstellen können
			        ","
						Die Impfstoffhersteller arbeiten gerade auf Hochtouren – und können den Bedarf an Corona-Impfstoffen dennoch nicht decken. Das liegt an der komplexen Produktion, die ein Werk nicht einfach so auslagern kann.

					",2021-01-05T10:13:05+0100,https://www.faz.net/suche/warum-nicht-andere-fabriken-corona-impfstoff-herstellen-koennen-17130444.html,true
71,"
							It’s magic!
			        ","
						Psychedelische Pilze sind in den meisten Ländern verboten. Ein deutscher Milliardär will das ändern. Nicht nur er glaubt: Ein Trip kann Depressionen und schwere Angstzustände heilen.
					",2021-01-04T14:06:03+0100,https://www.faz.net/suche/magische-pilze-gegen-depressionen-bald-auf-rezept-17127473.html,true
72,"
							Warum die EU nicht mehr Impfdosen bestellt hat
			        ","
						Während Israel und Großbritannien im Eiltempo ihre Einwohner impfen, verläuft der Impfauftakt in der EU vergleichsweise schleppend. Agierte Brüssel zu schwerfällig?
					",2021-01-03T17:55:00+0100,https://www.faz.net/premiumContent?contentId=1.7128800,false
73,"
							Kritik an Impfstrategie der Bundesregierung wächst
			        ","
						Deutschland impft – aber schnell genug? Eine Neurologin spricht von „grobem Versagen der Verantwortlichen“, und auch SPD-Politiker gehen Gesundheitsminister Spahn an. Die EU-Gesundheitskommissarin verteidigt Europas Impfstoff-Strategie.
					",2021-01-02T19:41:14+0100,https://www.faz.net/premiumContent?contentId=1.7127774,false
74,"
							Was Top-Manager von 2021 erwarten
			        ","
						Wie viel Optimismus dürfen wir uns im neuen Jahr leisten, und wann ist mit Besserung zu rechnen? Die Pandemie dominiert zwar auch die Erwartungen der meisten Spitzenmanager – aber es gibt noch mehr Themen, die sie umtreiben, als Corona.
					",2021-01-02T17:27:55+0100,https://www.faz.net/suche/so-wird-2021-top-manager-verschiedener-branchen-schauen-voraus-17126649.html,true
75,"
							Die Manager des Jahres
			        ","
						Im Jahr der Pandemie kommt die Hoffnung für die Menschheit ausgerechnet aus dem beschaulichen Mainz. Vor den Toren Münchens tun sich jedoch gleichzeitig Abgründe auf.
					",2020-12-31T10:43:42+0100,https://www.faz.net/suche/ein-jahresrueckblick-wer-sind-die-bedeutendsten-manager-2020-17120171.html,true
76,"
							Warum es beim Impfrennen nicht auf den früheren Start ankommt
			        ","
						Großbritannien ist mit dem Impfen gut drei Wochen früher gestartet als die EU und auch Deutschland. Sobald der Impfstoff in ausreichender Menge vorhanden ist, schrumpft dieser Vorsprung auf höchstens wenige Tage. 
					",2020-12-28T08:07:00+0100,https://www.faz.net/suche/corona-warum-es-beim-impfrennen-nicht-auf-frueheren-start-ankommt-17120552.html,true
77,"
							Wie Anleger den Impfstoff-Boom für sich nutzen können
			        ","
						Viele der an der Impfstoff-Lieferkette beteiligten Unternehmen sind börsennotiert. Anleger, die Entwicklungen in Wissenschaft, Produktion und Logistik genau beobachten, könnten davon profitieren.
					",2020-12-23T06:31:32+0100,https://www.faz.net/suche/corona-impfstoff-wie-anleger-den-boom-fuer-sich-nutzen-koennen-17115275.html,true
78,"
							Eher ein Marathon als ein Sprint
			        ","
						Am Sonntag beginnt die bundesweite Impfkampagne gegen das Coronavirus. Die Impfung sei freiwillig, aber eine „Frage der Solidarität“, sagt Hessens Innenminister. Dass die Kühlkette nicht durchbrochen werden darf, stellt die Ärzte vor Herausforderungen.
					",2020-12-22T21:04:29+0100,https://www.faz.net/premiumContent?contentId=1.7115179,false
79,"
							Ein Spitzenjahrgang fast ohne deutsche Beteiligung
			        ","
						Trotz Corona wagen sich auf der Welt in diesem Jahr so viele Unternehmen an die Börse wie lange nicht mehr. In Deutschland war dagegen kaum etwas los. Ändert sich das 2021?

					",2020-12-22T14:09:57+0100,https://www.faz.net/premiumContent?contentId=1.7114627,false
80,"
							Steuerzentrale für Impfstofftests
			        ","
						Curevac plant und überwacht  im Frankfurter Westend die globale Erprobung seines Corona-Impfstoffs. Bis zu einer Zulassung wird es noch einige Monate dauern. 
					",2020-12-22T07:41:33+0100,https://www.faz.net/premiumContent?contentId=1.7113770,false
81,"
							Mainzer Klinikpersonal nimmt an Impfstudie teil
			        ","
						Mit Curevac geht ein weiterer Impfstoff in die finale Entwicklungsphase. Mitarbeiter des Universitätsklinikums Mainz gehören zu den Probanden. In Hessen ist derweil die Lage in den Krankenhäusern angespannt, aber noch steuerbar.
					",2020-12-21T17:12:48+0100,https://www.faz.net/premiumContent?contentId=1.7113446,false
82,"
							Lebensrettende Logistik
			        ","
						Die Corona-Impfstoffe kommen. Um sie überall zu verteilen, beginnt gerade ein globales Ballett aus Tausenden von Flügen, Millionen spezieller Kühlboxen und tonnenweise Trockeneis. Dabei kann einiges schiefgehen.

					",2020-12-21T10:30:48+0100,https://www.faz.net/premiumContent?contentId=1.7108791,false
83,"
							Curevac startet Studie mit Klinikpersonal
			        ","
						Mit einer neuen Studie erhofft sich Curevac zusätzliche Erkenntnisse über den Impfschutz für besonders gefährdete Bevölkerungsgruppen. Los geht es am Dienstag.
					",2020-12-21T08:11:13+0100,https://www.faz.net/premiumContent?contentId=1.7112680,false
84,"
							Wozu Milliardäre gut sind
			        ","
						Pflegekräfte, Verkäuferinnen und Müllmänner halten im Lockdown den Laden am Laufen. Aber ein paar pfiffige Unternehmer und Milliardäre gehören auch auf die Liste der Corona-Helden. 
					",2020-12-20T15:07:31+0100,https://www.faz.net/suche/corona-helden-einige-unternehmer-und-milliardaere-gehoeren-dazu-17110329.html,true
85,"
							Lasst uns das Wort Frauenförderung tilgen!
			        ","
						„Emanzipation ist ein liberales Projekt“, sagt die FDP-Politikerin Linda Teuteberg. Im Interview spricht sie über die Frauenquote, den Kapitalismus in Zeiten von Corona und ihren Helden Martin Luther.
					",2020-12-20T11:03:10+0100,https://www.faz.net/suche/fdp-politikerin-teuteberg-lasst-uns-das-wort-frauenfoerderung-tilgen-17108933.html,true
86,"
							Lehnte die EU Biontech-Impfstoff ab?
			        ","
						Deutschland und die EU hätten angeblich deutlich mehr Dosen der knappen Impfstoffe von Biontech und Moderna erhalten können. Allerdings ist offensichtlich, warum die Kommission offenbar nicht zum Maximum griff.
					",2020-12-18T17:44:05+0100,https://www.faz.net/suche/lehnte-die-eu-biontech-impfstoff-ab-17109664.html,true
87,"
							„Ein magischer Moment in dieser Industrie“
			        ","
						Der Vorstandschef des Biotechunternehmens Evotec spricht über Forschungsförderung durch den Staat, das Mäzenatentum und den Wettbewerb seiner Branche mit China.
					",2020-12-18T12:58:40+0100,https://www.faz.net/suche/biotechunternehmen-evotec-erforscht-corona-antikoerper-17103869.html,true
88,"
							Corona beschert Herstellern von Spezial-Kühlschränken gutes Geschäft
			        ","
						Wegen der Corona-Pandemie werden deutschlandweit Impfzentren aus dem Boden gestampft. Dort müssen die Impfstoffe ordnungsgemäß gelagert werden - also eiskalt oder zumindest kühl. Das beflügelt das Geschäft der deutschen Spezialkühlschrank-Hersteller.
					",2020-12-15T07:21:21+0100,https://www.faz.net/premiumContent?contentId=1.7102922,false
89,"
							Curevac geht in die Massentests
			        ","
						Der Tübinger Hersteller arbeitet mit der gleichen Technologie wie Biontech. Der Impfstoff hat dabei aber auch einen großen Vorteil gegenüber dem Konkurrenten. 
					",2020-12-14T09:29:21+0100,https://www.faz.net/premiumContent?contentId=1.7101388,false
90,"
							Gefährliche Förderlücke?
			        ","
						Impfstoffentwickler werden mit Staatsgeld überschüttet. Doch auf absehbare Zeit wird es auch Medikamente gegen Covid-19 brauchen. Deren Entwickler fühlen sich im Stich gelassen.
					",2020-12-12T11:53:21+0100,https://www.faz.net/suche/firmen-brauchen-geld-fuer-forschung-an-corona-medikament-17098254.html,true
91,"
							Pfizer-Chef: Impfstoff kostet weniger als eine warme Mahlzeit
			        ","
						Trotz hoher Nachfrage verspricht Albert Bourla, keine Mondpreise für einen Impfstoff zu verlangen. Armen Ländern würden höchstens die reinen Produktionskosten in Rechnung gestellt.
					",2020-12-08T19:04:44+0100,https://www.faz.net/premiumContent?contentId=1.7092568,false
92,"
							Das sind die Chancen und Risiken der Corona-Impfung
			        ","
						Im Kampf gegen die Corona-Pandemie beginnt auch in Europa eine entscheidende Phase. Die größte Impfkampagne aller Zeiten startet. Was Sie jetzt darüber wissen sollten – die Fragen und (fast) alle Antworten.

					",2020-12-07T15:25:58+0100,https://www.faz.net/suche/welche-chancen-und-risiken-bietet-die-corona-impfung-17088870.html,true
93,"
							Qualitätsproblem bremst Biontech
			        ","
						Pfizer und Biontech müssen ihrem hohen Tempo Tribut zollen und können nur halb so viele Impfstoffdosen liefern wie ursprünglich geplant. Wer macht das Rennen?

					",2020-12-04T20:55:30+0100,https://www.faz.net/suche/biontech-kann-nur-halb-so-viele-corona-impfdosen-liefern-17085792.html,true
94,"
							Der Impfstoff ist Macht
			        ","
						Überall entwickeln Forscher gerade Corona-Impfstoffe, sie werden auf der ganzen Welt gebraucht. Zwar geben sich Regierungen gerne generös. Doch in der Praxis verbinden viele die Verteilung des Vakzins mit politischen Interessen.
					",2020-12-01T06:51:11+0100,https://www.faz.net/suche/der-corona-impfstoff-bedeutet-macht-fuer-jede-regierung-17078459.html,true
95,"
							Ein bewundernswerter Erfolg für unsere türkischen Immigranten
			        ","
						In der deutschen Wirtschaft sind türkische Einwanderer zu einer wichtigen Größe geworden. Das zeigen nicht nur die Gründer von Biontech. Ein Gastbeitrag.
					",2020-11-29T10:44:38+0100,https://www.faz.net/suche/hans-werner-sinn-warum-biontech-bewundernswert-ist-17074191.html,true
96,"
							Wirtschaftsprüfer von Wirecard vor Gericht
			        ","
						Die Wirtschaftsprüfungsgesellschaft EY bleibt im Fokus des Wirecard-Skandals. Der Sprecher der Geschäftsführung zeigt sich dabei alles andere als bedrückt.
					",2020-11-25T19:37:03+0100,https://www.faz.net/premiumContent?contentId=1.7070537,false
97,"
							Europa sichert sich auch Moderna-Vakzin
			        ","
						Die Europäische Kommission hat nun auch einen Vertrag mit dem Biotech-Konzern Moderna über die Lieferung von bis zu 160 Millionen Dosen des Corona-Impfstoffs ausgehandelt. Er soll am Mittwoch formal abgeschlossen werden. 
					",2020-11-24T13:37:47+0100,https://www.faz.net/premiumContent?contentId=1.7068403,false
98,"
							Wie impft man Millionen?
			        ","
						Sobald das erste Vakzin zugelassen ist, kann es eigentlich losgehen. Die Länder sollen in wenigen Wochen in der Lage sein, Massenimpfungen zu verabreichen. Doch vielfach ist noch gar nicht klar, wo genau die Zentren stehen sollen.

					",2020-11-24T13:10:34+0100,https://www.faz.net/suche/corona-impfzentren-in-bundeslaendern-wie-impft-man-millionen-17067344.html,true
99,"
							Wacker produziert für Curevac
			        ","
						In Amsterdam sollen mehr als 100 Millionen Dosen des Impfstoffs hergestellt werden. An der Börse wird Wacker dafür gefeiert.
					",2020-11-23T15:58:32+0100,https://www.faz.net/premiumContent?contentId=1.7066892,false
100,"
							Plastikmangel bedroht die Corona-Tests
			        ","
						Die Labore und Hersteller arbeiten wieder unter Volllast – und doch drohen „kritische Engpässe“. Mancher Arzt fühlt sich wie in einem vollgetankten Auto ohne Schlüssel. 
					",2020-11-23T15:03:06+0100,https://www.faz.net/suche/engpaesse-waehrend-der-corona-pandemie-plastikmangel-bedroht-tests-17065481.html,true
101,"
							Spahn: Impfbereitschaft steigt nach hartem Corona-Winter
			        ","
						Gesundheitsminister Jens Spahn zufolge gibt es „begründeten Anlass“ zur Annahme, dass spätestens Anfang 2021 ein Impfstoff gegen das Coronavirus zur Verfügung stehen werde. Dem Hersteller IDT will die Bundesregierung fünf Millionen Dosen abnehmen.
					",2020-11-23T11:11:48+0100,https://www.faz.net/premiumContent?contentId=1.7066522,false
102,"
							So funktioniert die mRNA-Technologie
			        ","
						Die Corona-Impfstoffe von Biontech und Moderna nutzen die noch junge mRNA-Technologie. Trotz fehlender Erfahrungswerte könnten sie die Medizin revolutionieren – und auch gegen ganz andere Krankheiten helfen.
					",2020-11-23T06:03:43+0100,https://www.faz.net/suche/corona-impfstoffe-so-funktioniert-die-neue-mrna-technologie-17065281.html,true
103,"
							Von Warren Buffett lernen
			        ","
						Die Suche nach dem Impfstoff gegen das Coronavirus beflügelt die Aktienmärkte. Sollen Anleger jetzt alles auf Biotech- und Pharmawerte setzen? Besser nicht, aber einen genauen Blick sind sie wert. Warren Buffett macht es vor.

					",2020-11-22T08:23:25+0100,https://www.faz.net/suche/sollten-wir-jetzt-alles-in-biotech-und-pharma-investieren-17062520.html,true
104,"
							Dax schleppt sich in ein leichtes Plus
			        ","
						Der deutsche Aktienmarkt kommt nur mühsam vom Fleck. Allerdings profitieren die Kurse der Pharmaunternehmen Biontech und Curevac von den Erfolgsmeldungen um ihre Impfstoffe. Der Konkurrent Merck setzt sich wegen einer Kaufempfehlung an die Spitze des Leitindex.

					",2020-11-20T11:19:47+0100,https://www.faz.net/premiumContent?contentId=1.7061898,false
105,"
							EU will offenbar 9 Milliarden Euro an Curevac und Biontech zahlen
			        ","
						Die Europäische Union will sich den Zugriff auf möglichst viele Impfstoffdosen gegen das Coronavirus sichern. Das dürfte viel Geld kosten. Nach bislang unbestätigten Informationen könnten die deutschen Impfstofhersteller Curevac und Biontech bis zu 9 Milliarden Euro erhalten.

					",2020-11-20T10:20:31+0100,https://www.faz.net/premiumContent?contentId=1.7061675,false
106,"
							Modernas Corona-Impfung zu 94,5 Prozent wirksam
			        ","
						Nach Biontech legt nun auch der amerikanische Konzern Moderna erste Daten aus der großen klinischen Studie des Corona-Vakzins vor. Diese fallen sehr positiv aus. Bald soll der Zulassungsantrag folgen.
					",2020-11-16T16:29:38+0100,https://www.faz.net/premiumContent?contentId=1.7054831,false
107,"
							Der Durchbruch steht bevor
			        ","
						Biontech hat vieles richtig gemacht. Sollte der Impfstoff des Mainzer Unternehmens bald eine Zulassung erhalten, wäre das eine Erfolgsnachricht – nicht nur für die Gesellschaft und die Forschergemeinde.
					",2020-11-12T11:37:26+0100,https://www.faz.net/suche/corona-impfstoff-von-biontech-der-durchbruch-steht-bevor-17047943.html,true
108,"
							300 Millionen Impfdosen für die EU
			        ","
						Deutschland hat Biontech mit 375 Millionen Euro gefördert. Bekommen Deutsche deshalb eine Vorzugsbehandlung? Gesundheitsminister Spahn hat sich dazu schon geäußert.

					",2020-11-10T19:37:37+0100,https://www.faz.net/suche/wie-viel-des-biontech-impfstoffs-bekommt-deutschland-17045964.html,true
109,"
							Biontech-Impfung zu mehr als 90 Prozent wirksam
			        ","
						Das Mainzer Biotechunternehmen und dessen amerikanischer Partner Pfizer machen Hoffnung. An der Börse steigen die Kurse. Und auch der deutsche Gesundheitsminister reagiert.
					",2020-11-09T12:46:09+0100,https://www.faz.net/premiumContent?contentId=1.7043883,false
110,"
							Wie kommt der Corona-Impfstoff an sein Ziel?
			        ","
						Kalt, kälter, Corona-Vakzin: Einen Impfstoff zu entwickeln ist die eine Sache. Aber wie transportiert man den sensiblen Inhalt in Abermillionen Fläschchen zu den Personen, die ihn am nötigsten haben?
					",2020-11-06T07:38:49+0100,https://www.faz.net/suche/logistik-wie-kommt-der-corona-impfstoff-an-sein-ziel-17036368.html,true
111,"
							Curevac meldet „sehr ermutigende“ Daten
			        ","
						Das Tübinger Biotechunternehmen hat positive Ergebnisse aus der ersten klinischen Studienphase mit dem potentiellen Corona-Impfstoff veröffentlicht. Noch vor Ende des Jahres soll ein groß angelegter Test mit zig tausend Probanden starten.
					",2020-11-02T14:01:24+0100,https://www.faz.net/premiumContent?contentId=1.7032252,false
112,"
							„Das wird noch einige Jahre dauern, fürchte ich“
			        ","
						Bis zu 1,4 Milliarden Impfdosen will Biontec bis Ende 2021 herstellen. Aber wie lange dauert es, bis die Menschheit geimpft ist? Aufsichtsratschef Helmut Jeggle spricht im Interview über den Corona-Impfstoff seiner Firma und den Hype, den dieser an der Börse ausgelöst hat.

					",2020-10-19T16:58:16+0200,https://www.faz.net/suche/wie-helmut-jeggle-ueber-die-biontech-aktie-denkt-17007068.html,true
113,"
							„Wir gehen langsam auf die Zielgerade zu“
			        ","
						Die europäische Arzneimittelbehörde EMA startet für den aussichtsreichsten Kandidaten des Unternehmens Biontech aus Mainz das Zulassungsverfahren als „rolling review“. Ein Gespräch mit Ugur Sahin, Firmenchef und Mediziner, über die Wirksamkeit, schnelle Entwicklungen und mutierende Viren. 
					",2020-10-07T14:37:00+0200,https://www.faz.net/suche/wie-steht-es-um-den-corona-impfstoff-von-biontech-aus-mainz-16984685.html,true
114,"
							Ungewöhnlich belebter Markt
			        ","
						Die Weltbörsen verzeichnen das stärkte dritte Quartal seit 20 Jahren. Vor allem in Amerika und China streben viele neue Kandidaten an den Markt.
					",2020-10-07T13:57:29+0200,https://www.faz.net/premiumContent?contentId=1.6990382,false
115,"
							Flirt mit der Staatswirtschaft birgt Gefahren
			        ","
						Die Wiedervereinigung war ein klares Bekenntnis zu wirtschaftlicher Freiheit. Zum Jubiläum gibt es Anlass, diese Freiheiten stärker zu verteidigen. 

					",2020-10-03T12:55:45+0200,https://www.faz.net/premiumContent?contentId=1.6980043,false
116,"
							IDT Biologika kann klinische Prüfung von Corona-Impfstoff starten
			        ","
						Das Biotechunternehmen aus Dessau kann mit der klinischen Prüfung in der Phase 1 seines Corona-Impfstoffs beginnen. Das in Deutschland zuständige Paul-Ehrlich-Institut hat die Genehmigung erteilt. 

					",2020-10-02T12:09:20+0200,https://www.faz.net/premiumContent?contentId=1.6982829,false
117,"
							Curevac testet Dosis für Corona-Impfstoff
			        ","
						Reichen 6 Mikrogramm gegen Covid-19? Das Tübinger Biopharma-Unternehmen startet die nächste klinische Studie. Andere Unternehmen sind allerdings schon weiter.
					",2020-09-30T10:40:32+0200,https://www.faz.net/premiumContent?contentId=1.6978707,false
118,"
							Kommt die Rettung aus Dessau?
			        ","
						Eine Firma aus Sachsen-Anhalt mischt mit im Wettrennen um einen Impfstoff gegen Corona. Höchste Zeit, IDT Biologika kennenzulernen.
					",2020-09-29T15:10:03+0200,https://www.faz.net/suche/corona-impfstoff-kommt-die-rettung-aus-dessau-16973368.html,true
119,"
							Deutschland hat sich schon 94 Millionen Dosen gesichert
			        ","
						Weltweit befinden sich acht mögliche Impfstoffe in der kritischen dritten Testphase. Deutschland hat sich bereits mehr Dosen gesichert als es Einwohner gibt.
					",2020-09-15T20:47:18+0200,https://www.faz.net/premiumContent?contentId=1.6955136,false
120,"
							Millionenförderung für Biontech
			        ","
						Das Mainzer Biotech-Unternehmen Biontech erhält für seine Forschung an einem Impfstoff gegen Covid-19 eine Millionenförderung vom Bund. Dabei geht es um Produktionskapazitäten.
					",2020-09-15T14:01:47+0200,https://www.faz.net/premiumContent?contentId=1.6954562,false
121,"
							„Wir produzieren den Impfstoff mit Hochdruck“
			        ","
						Im Rennen um einen Corona-Impfstoff ist der deutsche Hersteller Curevac vorne mit dabei. Ko-Gründer Florian von der Mülbe erklärt, warum die verwendete Technologie schon vor der nächsten Bedrohung schützt.
					",2020-09-12T11:15:41+0200,https://www.faz.net/suche/curevac-ko-gruender-ueber-den-corona-impfstoff-produzieren-mit-hochdruck-16949002.html,true
122,"
							Das gezähmte Virus
			        ","
						Der Pandemie-Erreger verändert sich, und diese genetischen Spuren lassen erste Prognosen für die Impfstoff-Kandidaten zu. Passen die Impfstoffe noch? Statt zu zweifeln, denken manche Forscher schon an „Universalimpfstoffe“.
					",2020-09-09T15:13:31+0200,https://www.faz.net/suche/mutationen-und-impf-chancen-das-gezaehmte-coronavirus-16942891.html,true
123,"
							IG-Metall-Vorsitzender attackiert Elon Musk
			        ","
						„Tesla muss uns nicht zeigen, wie Elektroautos gehen“, sagt Jörg Hofmann an die Adresse des amerikanischen Unternehmers Elon Musk. Der hat indes wohl ein neues Auto von VW ausprobiert.
					",2020-09-05T10:44:22+0200,https://www.faz.net/premiumContent?contentId=1.6939385,false
124,"
							Noch mehr Fördergeld für Curevac
			        ","
						Das Biotech-Unternehmen um Großaktionär Dietmar Hopp soll für die Entwicklung eines Impfstoffes gegen das Coronavirus eine Viertel Milliarde Euro vom Bund erhalten.
					",2020-09-04T15:14:08+0200,https://www.faz.net/premiumContent?contentId=1.6938264,false
125,"
							Tesla-Chef besucht Unions-Klausur
			        ","
						Am Vortag hatte Elon Musk bereits den Impfstoffhersteller Curevac besucht, der mit der Tesla-Tochter Grohmann kooperiert. Ohne die Automatisierungstechnik der Tesla-Tochter habe man nicht vorankommen können, so der Curevac-Chef. 
					",2020-09-02T19:25:08+0200,https://www.faz.net/suche/musk-in-berlin-tesla-chef-bei-unions-klausur-nach-curevac-besuch-16935985.html,false
126,"
							Ein Phantom namens Musk
			        ","
						Die Methode ist beliebt: Sich rar machen und so Aufmerksamkeit erregen. So hält es auf seinem Deutschland-Besuch auch der Tesla-Chef Elon Musk. 
					",2020-09-02T17:19:40+0200,https://www.faz.net/premiumContent?contentId=1.6934930,false
127,"
							„Wir müssen einen kleinen Gewinn machen“
			        ","
						Moderna ist weit fortgeschritten mit einem Corona-Impfstoff. Europa und Amerika haben sich Dosen gesichert. Im F.A.Z.-Gespräch warnt der Chef des amerikanischen Biotechunternehmens vor den Herausforderungen in der Impfstoff-Verteilung.
					",2020-08-26T17:02:34+0200,https://www.faz.net/suche/corona-impfstoff-hersteller-moderna-muessen-kleinen-gewinn-machen-16922367.html,true
128,"
							Impfstoff für Amerika noch vor der Wahl?
			        ","
						Die Tests für den Impfstoff von Astra-Zeneca laufen, noch in diesem Jahr sollen Resultate vorliegen. Deshalb prüft die amerikanische Regierung nun offenbar eine Notfall-Genehmigung. Fachleute halten den Zeitplan für unrealistisch.
					",2020-08-24T16:59:40+0200,https://www.faz.net/premiumContent?contentId=1.6919127,false
129,"
							Fünfter Nasdaq-Rekord in einem Monat
			        ","
						Technologieaktien im Aufwind: Zum fünften Mal stellt der Nasdaq-100 in diesem Monat einen Rekord auf, während der Dow Jones und die Industriewerte darben. Doch ganz so schwarz-weiß ist die Sache nicht.
					",2020-08-18T08:40:59+0200,https://www.faz.net/premiumContent?contentId=1.6910021,false
130,"
							Der Preis der Pandemie
			        ","
						Es ist in Pandemiezeiten nicht verboten, sich zu erholen. Aber wer sehenden Auges in ein Risikogebiet fährt, sollte auch den Preis zahlen – welch Glück, wenn es nur einige Euros für einen Test sind und keine Infektion.
					",2020-08-17T13:46:41+0200,https://www.faz.net/premiumContent?contentId=1.6908021,false
131,"
							„Amazon darf kein Preiskontrolleur sein“
			        ","
						Deutschlands Wettbewerbshüter gehen dem Vorwurf nach, wonach der Onlinehändler Amazon seine marktbeherrschende Stellung missbraucht. Das sagt Kartellamtspräsident Andreas Mundt im Interview mit der F.A.Z.
					",2020-08-16T15:14:56+0200,https://www.faz.net/suche/interview-mit-bundeskartellamtspraesident-andreas-mundt-16907620.html,true
132,"
							Wette auf Curevac
			        ","
						Curevac wagt den Gang aufs Börsenparkett. Für Investoren und die Gesellschaft bleibt zu hoffen, dass der Tübinger Impfstoffhersteller mit seiner Technologie erfolgreich ist. Denn das ist in der Biotechnologie alles andere als gegeben.
					",2020-08-14T21:40:52+0200,https://www.faz.net/premiumContent?contentId=1.6905621,false
133,"
							Curevac startet fulminant an der Börse
			        ","
						Das Tübinger Biotech-Unternehmen hat mit dem Börsengang mehr als 200 Millionen Dollar erlöst. Der erste Handelstag startete sehr stark, der Aktienkurs lag weit über dem Ausgabepreis.
					",2020-08-14T18:48:49+0200,https://www.faz.net/premiumContent?contentId=1.6904428,false
134,"
							Retten Sie uns vor Corona, Herr Haas?
			        ","
						Die Tübinger Biotechfirma Curevac geht in New York an die Börse. Ein Gespräch mit dem Chef Franz-Werner Haas über die Avancen von Präsident Trump, viel Geld vom Staat und die Hoffnung auf einen Impfstoff.

					",2020-08-14T18:09:59+0200,https://www.faz.net/suche/curevac-chef-retten-sie-uns-vor-corona-herr-haas-16905399.html,true
135,"
							Staatsbeteiligung an Curevac gewinnt an Wert
			        ","
						Der Bund verbucht mit dem Börsengang des deutschen Biotech-Unternehmens rund 100 Millionen Euro Gewinn. Der Wert des staatlichen Anteilspakets steigt um mehr als 30 Prozent – was sich nach dem Handelsstart der Aktie jedoch ständig ändern kann.
					",2020-08-14T16:34:21+0200,https://www.faz.net/premiumContent?contentId=1.6905213,false
136,"
							Curevac steht kurz vor Börsengang
			        ","
						Das Tübinger Unternehmen startet an diesem Freitag an der Nasdaq. Für Biotechunternehmen bietet die amerikanische Technologiebörse seit Jahren das attraktivere Umfeld.
					",2020-08-13T16:47:34+0200,https://www.faz.net/premiumContent?contentId=1.6903593,false
137,"
							Wer wird Erster und wie teuer werden die Dosen?
			        ","
						Russland ist ohne Massentests vorgeprescht, jetzt wächst der Druck auf den Rest der Welt. Ein Überblick über das globale Wettrennen.
					",2020-08-12T17:28:55+0200,https://www.faz.net/suche/corona-impfstoff-rennen-geht-in-die-heisse-phase-16902049.html,true
138,"
							Börsengang mit Impfstoff-Bonus
			        ","
						Das Tübinger Biotech-Unternehmen könnte eine Viertel Milliarde Dollar einsammeln. Ein anderer Investor gibt auch noch einmal Geld. 
					",2020-08-10T15:30:45+0200,https://www.faz.net/premiumContent?contentId=1.6898570,false
139,"
							Wenn der Staat das Steuer übernimmt
			        ","
						Schwere Krisen boten Regierungen schon immer die Gelegenheit, lenkend in die Wirtschaft einzugreifen. Nicht nur in Deutschland passiert das nun wieder. Unsere Korrespondenten berichten aus Amerika, Frankreich, Großbritannien, Italien und Südkorea.
					",2020-08-04T17:14:47+0200,https://www.faz.net/suche/wirtschaft-in-krisenzeiten-der-staat-am-steuer-16888504.html,true
140,"
							Die Welt vor und nach Corona
			        ","
						Die Pandemie ist ein großer Einschnitt für Menschen und Wirtschaft. Der Staat ist zurück, Wissenschaft und Arbeit funktionieren anders. Ein Essay aus vier Perspektiven.


					",2020-07-31T17:38:50+0200,https://www.faz.net/suche/wie-die-welt-nach-corona-aussehen-wird-ein-essay-16883083.html,true
141,"
							Impfstoffhersteller Biontech startet groß angelegte Studie
			        ","
						Das Mainzer Biotechunternehmen beginnt gemeinsam mit Partner Pfizer eine große klinische Studie mit zig Tausend Probanden. Im Herbst könnte der Zulassungsantrag folgen. 
					",2020-07-28T12:01:00+0200,https://www.faz.net/premiumContent?contentId=1.6879534,false
142,"
							Warum ein Tübinger Student an einer Corona-Impfstudie teilnimmt
			        ","
						In Tübingen wird ein möglicher Corona-Impfstoff an Menschen getestet. Matthias Oppermann ist einer der Probanden. Die erste Spritze hat er schon bekommen. Wie geht es ihm damit – und warum macht er das?

					",2020-07-22T06:03:43+0200,https://www.faz.net/suche/warum-ein-tuebinger-student-an-einer-corona-impfstudie-teilnimmt-16867009.html,true
143,"
							Impfstoffhersteller Curevac bekommt frisches Geld
			        ","
						Das Tübinger Biotechunternehmen Curevac hat seine Finanzierungsrunde über gut eine halbe Milliarde Euro abgeschlossen. Neben dem deutschen Staat und dem britischen Pharmakonzern GSK zählt nun auch Qatar zu den Investoren. 
					",2020-07-21T12:45:27+0200,https://www.faz.net/premiumContent?contentId=1.6869991,false
144,"
							Biontech mit Liefervereinbarung, Curevac mit Partner
			        ","
						Biontech will mit einem Partner möglicherweise schon von diesem Jahr an 30 Millionen Dosen des Corona-Impfstoffkandidaten BNT162 an Großbritannien liefern. Derweil steigt Pharmakonzern GSK bei Curevac ein.  
					",2020-07-20T08:21:30+0200,https://www.faz.net/premiumContent?contentId=1.6868414,false
145,"
							„Ich bin nicht der Oberlehrer der Welt“
			        ","
						Muss Deutschland einen Bogen um Länder wie China machen, die Freiheitsrechte verletzen? Nein, sagt Wirtschaftsminister Peter Altmaier. Im F.A.Z.-Interview kündigt er für Deutschland weitere Staatsbeteiligungen an – und ein mögliches Ende der Maskenpflicht.
					",2020-07-11T07:55:49+0200,https://www.faz.net/suche/wirtschaftsminister-peter-altmaier-zu-china-corona-und-maskenpflicht-16855438.html,true
146,"
							Ansturm von Freiwilligen für Corona-Impfstudie
			        ","
						Normalerweise muss die Tübinger Universitätsklinik um Probanden ringen, bei der Corona-Impfstoffstudie können sie sich vor Freiwilligen kaum retten. Die bisherigen Studienresultate seien weder „sensationell noch erschreckend“.
					",2020-07-11T05:11:28+0200,https://www.faz.net/premiumContent?contentId=1.6856098,false
147,"
							Curevac, Biontec – wie liegen die Deutschen im Impfstoffrennen?
			        ","
						Wer in den vergangenen Monaten in Aktien des Mainzer Unternehmens Biontec investiert hat, ist fein raus. Bei Curevac aus Tübingen ist direkt der deutsche Staat eingestiegen. Der Grund ist immer die Hoffnung auf einen Impfstoff gegen Covid-19.
					",2020-07-10T09:19:00+0200,https://www.faz.net/suche/curevac-und-biontec-wie-liegen-die-deutschen-im-impfstoff-rennen-16854670.html,false
148,"
							Biotech-Aktien sind in der Corona-Krise gefragt
			        ","
						Nicht nur Pharmakonzerne, auch Biotechunternehmen entwickeln emsig Impfungen, Medikamente und Diagnostikprodukte in der Corona-Krise. Ihre Aktienkurse haben an der Börse Euronext zuletzt einen deutlichen Sprung hingelegt, wie eine Erhebung zeigt. 
					",2020-07-08T15:33:34+0200,https://www.faz.net/premiumContent?contentId=1.6851955,false
149,"
							Wird Elon Musk zum Heilsbringer in der Corona-Pandemie?
			        ","
						In einem Tweet verkündet Elon Musk, Tesla baue „Mini-RNA-Fabriken“ für Curevac. Damit könnte das Unternehmen eine Schlüsselrolle bei der Herstellung des Corona-Impfstoffs einnehmen.
					",2020-07-02T18:00:19+0200,https://www.faz.net/suche/corona-impfstoffproduktion-tesla-bringt-curevac-voran-16843234.html,true
150,"
							Corona-Impfstoff soll bis Mitte 2021 marktreif sein
			        ","
						Fachleuten zufolge könnte CureVac zudem - abhängig von den Studienergebnissen - schon Anfang nächsten Jahres die Zulassung beantragen. Insgesamt sollen rund 150 Teilnehmer in der Phase-1-Studie geimpft werden.
					",2020-06-22T16:36:00+0200,https://www.faz.net/suche/curevac-will-corona-impfstoff-bis-mitte-2021-marktreif-haben-16827292.html,false
151,"
							„Der Tiefpunkt dürfte hinter uns liegen“
			        ","
						Bundesbank-Präsident Jens Weidmann spricht über den Kampf gegen die Corona-Krise, prognostiziert dauerhaft niedrige Zinsen und warnt vor steigenden Preisen im nächsten Jahr.

					",2020-06-21T11:04:28+0200,https://www.faz.net/suche/interview-mit-weidmann-ueber-corona-krise-und-ezb-urteil-16824376.html,true
152,"
							Wenn die KfW das Sagen hat
			        ","
						Erst die Lufthansa, nun Curevac – im Dienste der Corona-Rettung kommt der Staatseinstieg wieder in Mode. Was bedeutet das für die Unternehmen? 
					",2020-06-19T21:56:59+0200,https://www.faz.net/suche/was-die-corona-rettungen-durch-die-kfw-fuer-unternehmen-bedeutet-16819546.html,true
153,"
							Erste Freiwillige erhält Corona-Impfstoff von Curevac
			        ","
						Das Impfpräparat der Tübinger Firma Curevac ist am Freitag das erste Mal an einer Probandin getestet worden. Bei guten Ergebnissen könnten bereits im Winter Impfungen an Menschen außerhalb der Studie folgen.
					",2020-06-19T17:09:01+0200,https://www.faz.net/premiumContent?contentId=1.6823150,false
154,"
							Wie die Regierung im Wettrennen um den Impfstoff mitwirkt
			        ","
						Die Bundesregierung verfolgt drei Strategien auf dem Weg zum Impfstoff – nachdem lange eher ausgelagert wurde, sollen jetzt die Kapazitäten für die Produktion ausgeweitet werden. 
					",2020-06-18T18:38:41+0200,https://www.faz.net/premiumContent?contentId=1.6821502,false
155,"
							Der Preis der Rettung
			        ","
						Während die Forschung am Corona-Impfstoff vergleichsweise einfach verläuft, sind andere Rettungen anspruchsvoller: So kann ein Medikament gegen spinale Muskelatrophie schnell fast zwei Millionen Euro kosten. Alles Wichtige im Newsletter für Deutschland.
					",2020-06-18T08:21:13+0200,https://www.faz.net/premiumContent?contentId=1.6820321,false
156,"
							Tests mit Coronaimpfstoff können starten
			        ","
						Das deutsche Biotec-Unternehmen darf seinen Corona-Impfstoff nun auch an Menschen testen. Curevac will 2021 einen Impfstoff gegen Corona anbieten.
					",2020-06-17T18:13:49+0200,https://www.faz.net/suche/bitoec-unternehmen-curevac-corona-impfstoff-tests-koennen-starten-16820519.html,false
157,"
							Biotech ist kein Selbstläufer
			        ","
						Der Bund wird neuer Investor beim Biotech Curevac. Fehlt es der Branche an Geld, oder warum muss nun der Staat einsteigen?
					",2020-06-17T16:19:30+0200,https://www.faz.net/suche/finanzierungsprobleme-biotech-ist-kein-selbstlaeufer-16817957.html,true
158,"
							Weiterer Corona-Impfstoff darf am Menschen getestet werden
			        ","
						Demnächst sollen Dutzende gesunde Erwachsene in Deutschland den Impfstoff bekommen. Die Zulassung zur Erprobung ging außerordentlich schnell. Das habe aber nichts mit dem Einstieg des Bundes bei dem Unternehmen zu tun.
					",2020-06-17T13:12:26+0200,https://www.faz.net/premiumContent?contentId=1.6819094,false
159,"
							Zweite klinische Studie zu Corona-Impfstoff
			        ","
						In Deutschland beginnt eine weitere klinische Studie für einen Corona-Impfstoff. Das für die Genehmigung zuständige Paul-Ehrlich-Institut will um 11 Uhr darüber informieren. Nach Biontech könnte Curevac als zweites deutsches Unternehmen Studien mit gesunden Freiwilligen starten.
					",2020-06-17T08:12:28+0200,https://www.faz.net/premiumContent?contentId=1.6818767,false
160,"
							„Meines Erachtens sind nicht alle Möglichkeiten ausgeschöpft worden“
			        ","
						Im Sommer 2020 brachte der nun verstorbene Heinz Hermann Thiele die Bundesregierung ins Schwitzen. Als Großaktionär kritisierte er den bevorstehenden Staatseinstieg bei der Lufthansa. Das Interview zum Nachlesen.
					",2020-06-16T20:05:51+0200,https://www.faz.net/suche/lufthansa-grossaktionaer-thiele-kritisiert-den-einstieg-des-staates-16817969.html,true
161,"
							Das Curevac-Rätsel
			        ","
						Warum beteiligt sich der Bund an dem Tübinger Biotechunternehmen, an anderen aber nicht? Diese Frage wird nicht nur in Berlin heiß diskutiert.

					",2020-06-16T19:02:17+0200,https://www.faz.net/suche/das-curevac-raetsel-16817997.html,true
162,"
							Angstmacher und Corona-Leugner
			        ","
						Mit großer Pingeligkeit wurde die Corona-App entwickelt. Dabei gingen Angstmacher eine Allianz mit Corona-Leugnern ein. Hoffentlich ergeht es dem Impfstoff nicht genauso.
					",2020-06-16T06:41:42+0200,https://www.faz.net/premiumContent?contentId=1.6816327,false
163,"
							„Unter den Therapeutika bleiben am Ende drei bis vier Präparate übrig“
			        ","
						Die Pharmabranche nimmt den Kampf gegen Corona auf. Langfristig bleibt der lukrative Krebsbereich für die Unternehmen aber ein attraktives Forschungsfeld.
					",2020-06-15T17:41:05+0200,https://www.faz.net/premiumContent?contentId=1.6816416,false
164,"
							Schritt für Schritt zur Staatswirtschaft
			        ","
						Keine Frage, die Entwicklung eines Corona-Impfstoffs ist derzeit von größtem Interesse. Doch um dieses Vorhaben voranzutreiben, bedürfte es nicht unbedingt einer direkten Beteiligung des Staates.
					",2020-06-15T16:45:07+0200,https://www.faz.net/suche/corona-impfstoff-wie-der-bund-bei-curevac-einsteigt-16816342.html,true
165,"
							Bund steigt bei Curevac ein
			        ","
						Eigentümer Hopp bestätigt ein Investment der Bundesregierung in Höhe von 300 Millionen Euro.
					",2020-06-15T15:01:35+0200,https://www.faz.net/suche/corona-impfstoff-entwicklung-bund-steigt-bei-curevac-ein-16816203.html,false
166,"
							„Wir verkaufen unser Tafelsilber nicht“
			        ","
						Der Bundeswirtschaftsminister nutzt die Corona-Krise, um seine industriepolitischen Pläne in die Tat umzusetzen: Es geht dabei nicht nur um das Biotech-Unternehmen Curevac, an dem sich der Bund im Kampf um einen Impfstoff beteiligt. 
					",2020-06-15T14:18:23+0200,https://www.faz.net/premiumContent?contentId=1.6816046,false
167,"
							Bund beteiligt sich an Impfstoffentwickler Curevac
			        ","
						Im Rennen um einen Impfstoff steigt der deutsche Staat in das Tübinger Biotechnologie-Unternehmen Curevac ein. Es geht um 300 Millionen Euro – und Dietmar Hopp.
					",2020-06-15T12:35:29+0200,https://www.faz.net/premiumContent?contentId=1.6815915,false
168,"
							EU holt im Impfstoff-Wettlauf auf
			        ","
						Das britische Pharmaunternehmen Astra-Zeneca soll die ersten Dosen gegen Corona bis Jahresende liefern. Doch Sanofi aus Frankreich bleibt außen vor – warum?
					",2020-06-15T06:16:08+0200,https://www.faz.net/suche/kampf-gegen-corona-wie-die-eu-im-impfstoff-wettlauf-aufholt-16814631.html,true
169,"
							Vier europäische Länder sichern 300 Millionen Corona-Impfdosen
			        ","
						In der Corona-Krise haben sich viele Länder schon den künftigen Bezug von Impfstoffen gesichert. Europa hinkt nach Ansicht von Bundesgesundheitsminister Spahn etwas hinterher – nun hat er gemeinsam mit drei weiteren Ländern gehandelt.
					",2020-06-13T16:48:35+0200,https://www.faz.net/premiumContent?contentId=1.6813452,false
170,"
							Gesundheit fürs Depot
			        ","
						Aktien aus der Pharma- und Gesundheitsbranche gelten in der Pandemie als besonders lohnend. Doch mitunter ist das zu einfach gedacht, denn es gibt auch Risiken.
					",2020-05-30T16:20:58+0200,https://www.faz.net/suche/worauf-man-bei-aktien-aus-dem-medizinsektor-achten-muss-16790710.html,true
171,"
							Vorsichtig optimistisch
			        ","
						Im Rennen um einen Impfstoff, der vor Covid-19 schützen soll, hat die Firma Moderna zwar die Nase vorn. Ein Erfolg ist aber noch nicht sicher, auch andere Kandidaten melden vielversprechende Zwischenergebnisse. 
					",2020-05-24T10:00:00+0200,https://www.faz.net/suche/coronavirus-krise-wann-kommt-der-impfstoff-16782648.html,true
172,"
							Washington plaziert nächsten Impfstoff-Großauftrag in Europa
			        ","
						Mit einer Milliarde Dollar fördert die amerikanische Behörde Barda ein britisches Corona-Impfstoff-Projekt. Die ersten Auslieferungen sollen schon bald beginnen. Erste klinische Tests laufen.
					",2020-05-21T16:32:34+0200,https://www.faz.net/premiumContent?contentId=1.6779979,false
173,"
							Forscherdrang und Machtkampf
			        ","
						Das Rennen läuft. In vielen Ländern wird ein Impfstoff gegen das Coronavirus gesucht. Und alle versprechen, dass niemand benachteiligt wird. Aber der Forscherwettbewerb ist ein Machtkampf. Wo bleibt da die Solidarität?
					",2020-05-21T16:05:03+0200,https://www.faz.net/premiumContent?contentId=1.6777577,false
174,"
							Heilmittel fürs Portfolio
			        ","
						Der Wettlauf um ein Mittel gegen Covid-19 läuft, die Aktienkurse vieler Biotech-Unternehmen haben davon profitiert. Doch nicht alle Werte versprechen Erfolg.
					",2020-05-20T09:13:36+0200,https://www.faz.net/suche/covid-19-heilmittel-fuer-die-aktienkurse-von-biotech-unternehmen-16777405.html,true
175,"
							Die verflixte Sache mit dem Impfstoff
			        ","
						Mit Hochdruck wird an Corona-Impfstoffen gearbeitet. Wann und von wem am Ende ein oder besser mehrere Impfstoffe auf den Markt kommen, ist noch völlig offen. Geld allein garantiert den Erfolg nicht.
					",2020-05-12T08:46:22+0200,https://www.faz.net/suche/corona-pandemie-mit-hochdruck-wird-an-impfstoffen-gearbeitet-16764980.html,true
176,"
							Zeichen gegen „brutalen Nationalismus“
			        ","
						Es begann mit dem Anruf eines alten Bekannten bei Ursula von der Leyen. Inzwischen will die EU 7,5 Milliarden Euro zur Entwicklung eines Impfstoffs einsammeln. Vierzig Länder sind dabei, auch China. Nur einer fehlt: Amerika.
					",2020-05-04T14:49:14+0200,https://www.faz.net/premiumContent?contentId=1.6753639,false
177,"
							So übel ist Trump nicht
			        ","
						Amerikas Medien sehen den Präsidenten in der Corona-Krise als Versager. Doch so einfach ist es nicht. Denn die wahre Bewährungsprobe kommt erst noch. Für Trump wie für Merkel.
					",2020-05-03T19:00:11+0200,https://www.faz.net/premiumContent?contentId=1.6751384,false
178,"
							Der Wettlauf zum Impfstoff
			        ","
						Auf dem Weg zu einer Impfung gegen das Coronavirus gibt es große wissenschaftliche und medizinische Hürden. Doch schon bevor es ein Mittel gibt, hat auch der Kampf um dessen Verteilung begonnen. Wer führt?
					",2020-04-27T08:47:19+0200,https://www.faz.net/suche/wer-fuehrt-im-wettlauf-zum-corona-impfstoff-16743018.html,true
179,"
							Wie Anleger in die Biotech-Branche investieren können
			        ","
						Die Hoffnung auf Schutz vor dem Coronavirus rückt Aktien von Pharma- und Biotech-Unternehmen in den Blick. Gerade in dieser schwer durchschaubaren Branche aber sollten Anleger mehrere Ratschläge beherzigen.
					",2020-04-24T13:26:26+0200,https://www.faz.net/suche/corona-wie-anleger-in-die-biotech-branche-investieren-koennen-16739834.html,true
180,"
							„Gut vorstellbar, dass die Amerikaner zuerst geimpft werden“
			        ","
						Der französische Pharmahersteller Sanofi ruft Europa zur Unterstützung der Massenproduktion von Impfstoffen gegen Covid-19 auf. Das Problem sei nicht der Impfstoff, sondern die Menge der Dosen, sagt Konzernchef Paul Hudson.
					",2020-04-24T12:25:25+0200,https://www.faz.net/suche/sanofi-chef-amerikaner-koennten-zuerst-geimpft-werden-16739885.html,true
181,"
							„Wer als erster den Impfstoff hat, kommt als erster aus der Wirtschaftskrise“
			        ","
						David Loew erklärt, wie Sanofi-Pasteur im nächsten Jahr bis zu 600 Millionen Dosen des Impfstoffes gegen Covid-19 produzieren will, warum Europa Garantien geben muss und die Grippe-Impfung so wichtig ist.
					",2020-04-22T17:03:34+0200,https://www.faz.net/suche/sanofi-manager-wer-als-erster-impfstoff-hat-kommt-als-erster-aus-wirtschaftskrise-16736843.html,true
182,"
							Droht deutschen Unternehmen in der Krise der Ausverkauf nach China?
			        ","
						China könnte als wirtschaftlicher Gewinner aus der Pandemie hervorgehen, wenn es der Volksrepublik gelingen sollte, in der Krise bedeutende westliche Unternehmen aufzukaufen. Doch dagegen gibt es in Deutschland Gesetze.
					",2020-04-16T18:14:31+0200,https://www.faz.net/premiumContent?contentId=1.6728576,false
183,"
							Nicht gleich alles auf eine Karte setzen
			        ","
						Impfstoffe, die vor Covid-19 schützen, sind dringend gesucht. Ein Gespräch mit Richard Hatchett, dem Generaldirektor der Organisation CEPI, die jetzt solche Forschungsprojekte fördert. Ganz nach dem Motto: „Speed, scale, access.“
					",2020-04-10T13:11:00+0200,https://www.faz.net/premiumContent?contentId=1.6712330,false
184,"
							„Sind diese Typen Ärzte oder Clowns?“
			        ","
						Zwei Wissenschaftler schlagen vor, einen möglichen neuen Impfstoff gegen Covid-19 in Afrika zu testen. Nicht nur David Alaba vom FC Bayern, dessen Vater aus Nigeria stammt, reagiert entrüstet.
					",2020-04-06T08:47:22+0200,https://www.faz.net/premiumContent?contentId=1.6713861,false
185,"
							„Das Thema Dietmar Hopp ist uns derzeit egal“
			        ","
						Hoffenheim-Mäzen Dietmar Hopp klagt über die „perfekt inszenierte Hetze“ gegen ihn, reicht den Fans aber auch die Hand. Das Angebot stößt in der organisierten Szene aber nicht gerade auf Begeisterung.
					",2020-04-05T10:38:00+0200,https://www.faz.net/premiumContent?contentId=1.6712899,false
186,"
							„Die EU muss autonom werden“
			        ","
						Hat die Europäische Union in der Corona-Pandemie versagt? Endet die Globalisierung? Nein, sagt Binnenmarkt-Kommissar Thierry Breton im F.A.Z.-Gespräch – aber einige Dinge werden sich ändern. 
					",2020-03-30T14:34:33+0200,https://www.faz.net/suche/kommissar-thierry-breton-im-gespraech-ueber-corona-16703559.html,true
187,"
							Stabile Pfeiler
			        ","
						In Zeiten des Kampfes gegen das Coronavirus steht die Mehrzahl der oft verdammten Konzerne nicht mehr für Einfluss oder Lobbyismus, sondern für zwei zwischenzeitlich fast vergessene Eigenschaften: Stabilität und Sicherheit. 
					",2020-03-29T14:42:10+0200,https://www.faz.net/premiumContent?contentId=1.6700233,false
188,"
							Der Markt ist eine gute Sache – bis eine Pandemie kommt
			        ","
						Für den Katastrophenfall hält Deutschland in mehr als hundert Verstecken massenhaft Getreide, Reis und Kondensmilch vor. In der Industrie aber sind Lager verpönt und die Lieferketten global. Brauchen wir eine neue Wirtschaftsordnung?
					",2020-03-24T06:50:53+0100,https://www.faz.net/suche/corona-pandemie-brauchen-wir-eine-neue-wirtschaftsordnung-16692930.html,true
189,"
							Gemeinsam gegen die Pandemie
			        ","
						Bei der Entwicklung eines Impfstoffs gegen das Coronavirus kann es keine nationalen Alleingänge geben. Ein Gastbeitrag der Bundesforschungsministerin.
					",2020-03-23T15:58:44+0100,https://www.faz.net/suche/coronavirus-impfstoff-gemeinsam-gegen-die-pandemie-16690538.html,true
190,"
							„Unser Land kann das stemmen“
			        ","
						Bundesfinanzminister Olaf Scholz über die Kosten der Corona-Krise, Konzerne in der Hand des Staates und die Nachteile einer Ausgangssperre.
					",2020-03-21T17:09:53+0100,https://www.faz.net/suche/olaf-scholz-im-interview-zu-coronakrise-unser-land-kann-das-stemmen-16690023.html,true
191,"
							„Im Herbst könnte der Impfstoff verfügbar sein“
			        ","
						Dietmar Hopp macht Hoffnung in der Corona-Krise und fordert Solidarität. Wie ein Impfstoff für Milliarden Menschen noch dieses Jahr kommen kann – und wie Unternehmen, Verbände und Fußballprofis ihrer Verantwortung gerecht werden können.
					",2020-03-21T15:00:44+0100,https://www.faz.net/suche/dietmar-hopp-im-interview-corona-impfstoff-schon-im-herbst-16689934.html,true
192,"
							Auf diese Unternehmen kommt es jetzt an!
			        ","
						Hält das Internet die Belastung durch unzählige Homeoffice-Nutzer aus? Wir zeigen, welche Unternehmen in der Corona-Krise zu Höchstleistungen auflaufen müssen.
					",2020-03-18T08:33:53+0100,https://www.faz.net/suche/corona-krise-auf-diese-unternehmen-kommt-es-jetzt-an-16683306.html,true
193,"
							Hopp macht Hoffnung auf Corona-Impfstoff im Herbst
			        ","
						Der Haupteigentümer des Pharmaherstellers Curevac glaubt, dass Impfungen gegen das Coronavirus bereits in wenigen Monaten möglich sein werden. Zudem hofft Dietmar Hopp auf ein Ende der Hasstiraden gegen ihn.
					",2020-03-18T06:12:02+0100,https://www.faz.net/premiumContent?contentId=1.6684254,false
194,"
							Anruf bei Oma
			        ","
						In Frankfurt sind trotz Coronavirus noch zu viele Menschen unterwegs, in Berlin betrügen einige Bar-Besitzer sich selbst und ihre Gäste – und das ist nichts gegen die Katastrophe in Italien. Der F.A.Z.-Newsletter für Deutschland.
					",2020-03-18T06:03:02+0100,https://www.faz.net/premiumContent?contentId=1.6684175,false
195,"
							„Curevac hat kein Angebot von der US-Regierung erhalten“
			        ","
						Der angebliche Griff von Donald Trump nach dem an einem Corona-Impfstoff forschenden Unternehmen sorgte für Schlagzeilen. Jetzt sorgt Curevac selbst dafür, dass man sich fragt, was an dieser Sache „Fake News“ sein könnte.

					",2020-03-17T20:04:03+0100,https://www.faz.net/premiumContent?contentId=1.6683587,false
196,"
							Ein Impfstoff als „heiliger Gral“
			        ","
						Die Stiftung von Bill und Melinda Gates engagiert sich in der Corona-Krise. Und Vorstandschef Mark Suzman ist voll des Lobes für Angela Merkel.
					",2020-03-17T11:31:00+0100,https://www.faz.net/suche/corona-krise-stiftung-von-melinda-und-bill-gates-engagiert-sich-16680229.html,true
197,"
							Corona macht erfinderisch
			        ","
						Händedesinfektionsmittel, Atemschutzmasken und Beatmungsgeräte – der Bedarf an Produkten für die Gesundheitsversorgung ist höher denn je. Das lässt einige Unternehmen kreativ werden. 
					",2020-03-17T09:41:22+0100,https://www.faz.net/premiumContent?contentId=1.6682157,false
198,"
							Sorry, Hurensohn?
			        ","
						Dietmar Hopp bietet Donald Trump die Stirn im Kampf um einen Coronavirus-Impfstoff. Dieser wird zwar nicht gegen Ignoranz helfen, aber er wird auch den Ignoranten helfen. Vor allem in deutschen Fußballstadien.
					",2020-03-17T08:37:25+0100,https://www.faz.net/suche/dietmar-hopp-und-coronavirus-impfstoff-sorry-hurensohn-16682067.html,true
199,"
							Wie Biontech gegen Corona kämpft
			        ","
						Das Biotechunternehmen kooperiert für eine Impfung jetzt mit dem Fosun-Konzern aus China. Bald sollen klinische Tests starten. 


					",2020-03-16T19:00:09+0100,https://www.faz.net/suche/mainzer-unternehmen-wie-biontech-gegen-corona-kaempft-16682001.html,true
200,"
							Politik in der Pflicht
			        ","
						An den Finanzmärkten wird ein gemeinsames Interesse der Regierungen schmerzlich vermisst. Das gilt für die transatlantische Zusammenarbeit, aber ebenso für die Zusammenarbeit der Europäer untereinander.
					",2020-03-16T18:48:54+0100,https://www.faz.net/premiumContent?contentId=1.6681906,false
201,"
							Wer forscht am Corona-Heilmittel?
			        ","
						Die Arzneimittelhersteller weisen den Vorwurf zurück, zu langsam an einem Impfstoff gegen das Coronavirus zu forschen. Ein Hersteller will schon im März mit ersten Freiwilligentests beginnen.
					",2020-03-16T08:54:00+0100,https://www.faz.net/suche/pharma-unternehmen-wer-forscht-am-corona-heilmittel-16680213.html,true
202,"
							Grenzkontrollen und andere Corona-Lösungen
			        ","
						Arbeiten und lernen von daheim, Kontrollen an den Grenzen: Die Bekämpfung des Coronavirus schränkt das öffentliche Leben hierzulande immer weiter ein. Was sonst noch wichtig werden könnte, steht im F.A.Z.-Newsletter für Deutschland.
					",2020-03-16T06:11:41+0100,https://www.faz.net/premiumContent?contentId=1.6680962,false
203,"
							Hopp kontert Trump
			        ","
						Vor wenigen Tagen war Dietmar Hopp noch der Buhmann in den Fankurven deutscher Fußballstadien. Sollte Curevac, einem von Hopp finanzierten Biotech-Unternehmen, ein Durchbruch in der Corona-Forschung gelingen, dürfte sich sein Ruf schnell wandeln.
					",2020-03-15T20:49:08+0100,https://www.faz.net/premiumContent?contentId=1.6680289,false
204,"
							Trump kassiert Korb im Kampf um Impfstoffhersteller
			        ","
						Der amerikanische Präsident hätte gern schnellstmöglich einen Corona-Impfstoff exklusiv für Amerika. Sein Buhlen um das Tübinger Unternehmen prallt aber am Widerstand des Großinvestors ab. Dessen Name: Dietmar Hopp.

					",2020-03-15T20:05:27+0100,https://www.faz.net/suche/corona-impfstoff-curevac-investor-hopp-wehrt-sich-gegen-trump-16680445.html,true
205,"
							Amerikaner wollen angeblich deutschen Impfstoffhersteller übernehmen
			        ","
						In Tübingen arbeiten Forscher an einem Impfstoff gegen die Covid-19-Erkrankung. Laut einem Zeitungsbericht wollen sich nun die Vereinigten Staaten die Ergebnisse sichern. Die Bundesregierung wehrt sich.
					",2020-03-15T07:21:25+0100,https://www.faz.net/premiumContent?contentId=1.6679769,false
206,"
							Was hilft gegen Corona?
			        ","
						Pharmaunternehmen und Forscher arbeiten intensiv an Impfungen und Arzneien gegen das Virus. Die wichtigsten Fragen im Überblick.
					",2020-03-11T12:51:59+0100,https://www.faz.net/premiumContent?contentId=1.6672937,false
207,"
							„Der Impfstoff könnte aus Deutschland kommen“
			        ","
						An einer Impfung gegen das neue Coronavirus wird intensiv gearbeitet. Der Frankfurter Pharmazieprofessor Theo Dingermann erklärt, welche Strategien die Entwickler verfolgen.
					",2020-03-04T12:15:00+0100,https://www.faz.net/suche/coronavirus-impfstoff-koennte-aus-deutschland-kommen-16661877.html,true
208,"
							Biotechunternehmen Curevac erforscht Corona-Impfung
			        ","
						Das Tübinger Unternehmen forscht an einer Impfung gegen das grassierende Corona-Virus. Im Sommer könnten mit einem neu entwickelten Impfstoff erste Studien mit Menschen starten. 
					",2020-02-05T14:33:22+0100,https://www.faz.net/premiumContent?contentId=1.6617021,false
209,"
							Luftwaffen-Airbus in Wuhan gelandet
			        ","
						Nachdem sich ein Kind eines Webasto-Mitarbeiters infiziert hat, sind nun weitere Corona-Fälle bekannt geworden. Die Krankenkassen kündigten an, Tests auf das Virus bezahlen zu wollen. Unterdessen holt Deutschland Staatsangehörige aus China.
					",2020-01-31T23:54:58+0100,https://www.faz.net/premiumContent?contentId=1.6611399,false
210,"
							Auf das Ungewisse vorbereiten
			        ","
						Das Coronavirus breitet sich in China weiter aus. Deutsche werden deshalb aus der Krisenregion ausgeflogen. An der weltweiten Suche nach einem Impfstoff beteiligt sich auch die Universität Marburg.

					",2020-01-31T17:18:26+0100,https://www.faz.net/premiumContent?contentId=1.6610883,false
211,"
							Schwäbisches Unternehmen soll Impfstoff gegen Coronavirus finden
			        ","
						Die Tübinger Biotechfirma Curevac bekommt zusätzliches Geld, um einen Impfstoff gegen das Coronavirus zu entwickeln und zu testen.  Innerhalb von 16 Wochen soll das gelingen.
					",2020-01-31T13:09:26+0100,https://www.faz.net/premiumContent?contentId=1.6610343,false
212,"
							Mit vereinten Kräften gegen das Coronavirus
			        ","
						Coronavirus, Ebola und Sars – für die Entwicklung von Impfungen und Wirkstoffen gegen solche Krankheiten setzen Pharmaunternehmen auf internationale Allianzen.   

					",2020-01-24T12:46:43+0100,https://www.faz.net/suche/coronavirus-mit-internationalen-allianzen-gegen-die-krankheit-16597246.html,true
213,"
							Der große Sprung des bayerischen Einhorns
			        ","
						Im Sommer 2018 erreichte das Start-up einen Unternehmenswert von 1 Milliarde Dollar. Nach der dritten Finanzierungsrunde ist der Wert nun auf das Zweieinhalbfache angestiegen. Das Geld ist schon verplant.
					",2019-11-21T14:03:43+0100,https://www.faz.net/premiumContent?contentId=1.6496701,false
214,"
							Jungunternehmen forscht mit Yale-Uni
			        ","
						Curevac entwickelt neue Arzneien mit Hilfe der Botenstoffe, die Informationen zwischen Zellen übermitteln. Die renommierte amerikanische Universität hilft nun bei der Suche nach Wirkstoffen. 
					",2019-08-15T07:57:35+0200,https://www.faz.net/premiumContent?contentId=1.6333470,false
215,"
							„Ich würde auch 80 Prozent Steuern zahlen“
			        ","
						Dietmar Hopps Vater war für die Verschleppung der Hoffenheimer Juden mitverantwortlich. Der SAP-Gründer selbst gilt als Wohltäter und Lokalpatriot. Für knausrige Milliardäre hat er wenig übrig. 
					",2019-03-10T09:42:06+0100,https://www.faz.net/suche/sap-gruender-dietmar-hopp-im-interview-16080254.html,true
216,"
							Impfen gegen den Krebs
			        ","
						Ribonukleinsäuren sind die neue Hoffnung in der Tumormedizin. Sie können für jeden Patienten individuell zugeschnitten werden. 


					",2017-10-24T15:22:33+0200,https://www.faz.net/premiumContent?contentId=1.5257152,false
217,"
							Hoffen auf ein hessisches Einhorn
			        ","
						Ein Berliner Start-up hat vor wenigen Tagen den größten Börsengang des Jahres hingelegt. Von Unternehmen aus Rhein-Main ist Vergleichbares nicht zu erwarten – auch weil die Zahl der Gründer immer stärker zurückgeht.


					",2017-07-04T09:33:00+0200,https://www.faz.net/premiumContent?contentId=1.5089873,false
218,"
							Gewinne als Nebenprodukt
			        ","
						Bill Gates konzentriert sich seit 2008 fast vollständig auf wohltätige Arbeit. Seine Stiftung fährt eine ungewöhnliche Strategie – und hat einen anderen Ansatz als Mark Zuckerberg.
					",2016-09-24T22:54:18+0200,https://www.faz.net/premiumContent?contentId=1.4448316,false
219,"
							Nur mal schnell die Welt retten
			        ","
						AIDS: Optimisten auf der Suche nach einem wirkungsvollen Impfstoff gegen den Erreger. Wie wollen sie schaffen, was bislang niemandem gelang?
					",2015-12-13T12:00:37+0100,https://www.faz.net/premiumContent?contentId=1.3950527,false
220,"
							Milliarden für ein Molekül
			        ","
						Kann man den Krebs mit einer Impfung bezwingen? Ingmar Hoerr glaubt daran schon lange. Jetzt hat der Biotech-Gründer aus Tübingen sogar Bill Gates von seiner Idee überzeugt.
					",2015-09-05T08:46:46+0200,https://www.faz.net/premiumContent?contentId=1.3775365,false
221,"
							Wenn das Immunsystem gegen Krebs kämpft
			        ","
						Pharmakonzerne entwickeln Arzneien, die das körpereigene Abwehrsystem gegen Tumore aktivieren – ein verheißungsvolles Gebiet. Zwei deutsche Unternehmen haben zuletzt besonders auf sich aufmerksam gemacht. 
					",2015-03-24T08:44:28+0100,https://www.faz.net/premiumContent?contentId=1.3501804,false
222,"
							Gates steigt in deutsche Arzneiforschung ein
			        ","
						Noch kein Produkt am Markt, aber mit gut einer Milliarde Euro bewertet: die Tübinger Biotechgesellschaft Curevac. Jetzt steigt Bill Gates über seine Stiftung dort ein.

					",2015-03-06T16:56:03+0100,https://www.faz.net/premiumContent?contentId=1.3467924,false
223,"
							Dr. Oetker schluckt Coppenrath und Wiese
			        ","
						Microsoft-Gründer Bill Gates investiert Millionen in den Tübinger Impfstoff-Hersteller Curevac und der Co-Chef der Deutschen Bank, Jürgen Fitschen, hat sich für eine Atempause bei der Regulierung der Finanzmärkte ausgesprochen.
					",2015-03-06T06:59:39+0100,https://www.faz.net/premiumContent?contentId=1.3466981,false
224,"
							Wettlauf gegen den Krebs
			        ","
						Die Zahl der Krebspatienten wird sich in den nächsten Jahren verdoppeln. Für die Pharmabranche ist das eine lukrative Aussicht. 


					",2014-02-04T05:46:15+0100,https://www.faz.net/premiumContent?contentId=1.2783396,false
225,"
							Hopp-Firma will in das Frankfurter Biotech-Zentrum
			        ","
						Das Frankfurter Innovationszentrum Biotechnologie meldet weiteren Zuwachs. Noch im laufenden Jahr wird die Tübinger Curevac GmbH, eine Beteiligung des SAP-Gründers Hopp, die klinische Forschung am Main aufbauen.
					",2008-01-22T18:51:38+0100,https://www.faz.net/premiumContent?contentId=1.512780,false
226,"
							„Wir werden bei Leonardo noch ganz andere Kurse sehen“
			        ","
						Die Finanzierung von Unternehmensgründern hat Reize. Denn bei Erfolg, winken den Anteilseignern hohe Gewinne. Professor Hans-Georg Köglmayr von Leonardo Venture erklärt im Interview, wo die Reize seines Unternehmens liegen.
					",2007-10-04T13:55:43+0200,https://www.faz.net/premiumContent?contentId=1.460889,false
