,title,release_date,snippet,teaser_text,teaser_title,href
0,Warten auf Heilung,2020-03-18T16:01:00Z," auf, die WHO listet 41 Vakzin-Kandidaten. An einer der aussichtsreichsten Impfstoffentwicklungen arbeitet <em>CureVac</em>, eine Firma aus Tübingen. Sie machte am Wochenende Schlagzeilen, als es hieß, Donald","Während Covid-19 wütet, suchen Forschende weltweit nach Mitteln gegen das neue Virus. Lesen Sie noch einmal über die Fortschritte mit alten Mitteln und neuen Impfstoffen.",Kein Mittel und doch Hoffnung,http://www.zeit.de/2020/13/coronavirus-covid-19-impfstoff-medikament-forschung-pharmaindustrie
1,Unsere Quellen,2020-03-18T15:50:03Z," des Verbandes forschender Arzneimittelhersteller zu den Impfstoffprojekten weltweit.
Und hier gibt es beim Bundesforschungsministeriums Hintergrund zum Tübinger Unternehmen <em>CureVac</em> und der",Hier haben wir recherchiert. Dies sind die zentralen Quellen der Wissen-Texte in der ZEIT-Ausgabe vom 19. März 2020,Unsere Quellen,http://www.zeit.de/wq/2020-13
2,Tübinger Impfstofffirma dementiert mögliche US-Übernahme,2020-03-15T12:12:58Z,Das Tübinger Unternehmen <em>CureVac</em> hat einem möglichen Exklusivvertrag über einen Impfstoff gegen das Coronavirus eine Absage erteilt. Eine solche Vereinbarung etwa mit den USA komme nicht in Frage,"Die deutsche Firma CureVac hat Berichte über eine mögliche Übernahme durch die US-Regierung zurückgewiesen. Man wolle einen Impfstoff für ""die ganze Welt"" entwicklen.",Tübinger Impfstofffirma dementiert mögliche US-Übernahme,http://www.zeit.de/wirtschaft/unternehmen/2020-03/coronavirus-impfstoff-curevac-deutsche-firma-usa-rechte
3,Wege aus dem Lockdown,2020-03-26T17:00:31Z," Ministerpräsidenten Winfried Kretschmann, in dessen Bundesland das Unternehmen <em>CureVac</em> an einem Impfstoff gegen Covid-19 arbeitet, eine Impfung sei wahrscheinlich bereits im Herbst möglich, war wohl eher von","Risikogruppen stärker schützen, genug OP-Masken beschaffen und Smart Distancing – so beenden wir den Stillstand.",Wege aus dem Lockdown,http://www.zeit.de/wissen/gesundheit/2020-03/coronavirus-quarantaene-lockdown-ausgangssperre-alternative-pandemie-alexander-kekule
4,Die Weltenretter,2020-03-25T15:53:04Z," Impfstoffentwicklern gehören neben Sahins Biontech auch das Tübinger Unternehmen <em>CureVac</em> und die US-Firma Moderna.
Es ist ein Wettlauf mit dem Virus. Das Ergebnis ist völlig offen. Weltweit arbeiteten bei","Überall arbeiten Pharmafirmen an einem Mittel gegen das Coronavirus. Dabei entstehen nie gekannte Allianzen, denn es funktioniert aktuell nur mit weltweiter Kooperation.",Die Weltenretter,http://www.zeit.de/2020/14/impfstoff-sars-cov-2-pharmakonzerne-gates-stiftung-wissenschaft
5,New York ist wie gemacht für das Virus,2020-04-03T03:56:38Z," Coronavirus vorhanden sein soll – dem Robert Koch-Institut zufolge wohl bis ins Frühjahr 2021. Das Unternehmen <em>CureVac</em>, bei dem Dietmar Hopp Miteigentümer ist, forscht auch an einem Impfstoff und rechnet damit",Enge Städte und Verharmlosung auf Fox News – warum die Pandemie die USA besonders trifft. Außerdem im Podcast: Eine Grippetablette aus Japan soll gegen Covid-19 helfen.,New York ist wie gemacht für das Virus,http://www.zeit.de/politik/2020-04/oronavirus-pandemie-usa-donald-trump-impfstoff-nachrichtenpodcast
6,Wann kommt die Impfung?,2020-04-09T11:53:18Z," Tübinger Unternehmen <em>CureVac</em>, das seit Januar an einem Impfstoff gegen Sars-CoV-2 arbeitet.
Die Grundlage von RNA-Impfstoffen – auch dem von <em>CureVac</em> – bildet ein Trick, den sich Forschende von den Erregern",Eine oder zwei Spritzen und man wäre immun: Die ganze Welt wartet auf die lebensrettende Corona-Impfung. Aber es dauert noch. Das sind die Kandidaten im Rennen.,Wann kommt die Impfung?,http://www.zeit.de/wissen/gesundheit/2020-04/sars-cov-2-impfstoff-forschung-beschleunigung-coronavirus
7,Die wichtigsten Corona-Nachrichten vom Mittwoch,2020-04-15T17:43:20Z," ausgelösten Lungenkrankheit Covid-19.
Um die Pandemie einzudämmen wird in vielen Ländern intensiv geforscht. In Deutschland beteiligt sich unter anderem das Tübinger Unternehmen <em>CureVac</em>. Fachleute schätzen","Der Schulunterricht beginnt ab Mai wieder, die EU-Kommission treibt die Forschung nach einem Impfstoff an, Trump in der Kritik. Die News des Tages zu Covid-19",Die wichtigsten Corona-Nachrichten vom Mittwoch,http://www.zeit.de/gesellschaft/zeitgeschehen/2020-04/covid-19-aktuell-coronavirus-nachrichten-am-mittwoch-15-04-2020
8,Wenn es nicht für alle reicht,2020-04-22T14:51:56Z," beliefern?
Die Umrisse eines solchen Medikamenten-Nationalismus konnte man erahnen, als vor Kurzem die US-Regierung Interesse an dem Tübinger Unternehmen <em>CureVac</em> zeigte, das als führend bei der Entwicklung","Noch wartet die Welt auf ein Mittel gegen Sars-CoV-2. Wenn es einmal da ist, ist fraglich, was triumphiert: der Egoismus einzelner Nationen oder die globale Kooperation.","Was, wenn es nicht für alle reicht?",http://www.zeit.de/2020/18/impfstoff-coronavirus-medikament-knappheit-nationalismus-kooperation
9,Ideen machen unabhängig,2020-04-28T14:53:25Z,Der Aufschrei vor einigen Wochen war groß: Das Tübinger Biotech-Unternehmen <em>CureVac</em> verhandelte angeblich mit der Trump-Regierung über einen Impfstoff gegen das Coronavirus – exklusiv für die USA,In globalen Krisen dürfen wir uns nicht auf Innovationen aus dem Ausland verlassen. Wir brauchen technologische Souveränität und mehr Geld für Forschungsprojekte.,Ideen machen ein Land unabhängig,http://www.zeit.de/2020/19/europaeische-innovationen-coronavirus-wissenschaft-start-ups
10,"Denn sie wussten, was sie nicht tun",2020-05-13T14:49:37Z," investierte Gates in den deutschen Impfstoffhersteller <em>CureVac</em>. In einer Rede, die er 2019 gehalten hat, sagte er, er rechne damit, dass in zwanzig Jahren der Welthunger besiegt sein werde. Und dass dann alle","Für die meisten kam Corona als Schock, plötzlich wie ein Asteroiden-Einschlag. Dabei hatte die Wissenschaft immer wieder gewarnt.","Denn sie wussten, was sie nicht tun",http://www.zeit.de/2020/21/krisenvorsorge-coronavirus-pandemieplan-bundesregierung
11,Wer profitiert vom Impfstoff?,2020-05-18T09:45:57Z," <em>Curevac</em> in Tübingen auf Anfrage von ZEIT ONLINE. ""Die Unternehmen gehen ein großes finanzielles Risiko ein, denn ob ein Impfstoff am Ende auch wirtschaftlich erfolgreich sein wird, ist keineswegs gesichert","Wenn sich heute die WHO-Länder treffen, streiten sie auch um die Frage, wie ein Corona-Impfstoff fair verteilt werden kann. Die USA stellen sich dabei gegen Europa.",Wer profitiert vom Impfstoff?,http://www.zeit.de/wirtschaft/2020-05/impfstoff-coronavirus-who-curevac-patent-medikamente
12,CureVac darf möglichen Corona-Impfstoff klinisch testen,2020-06-17T09:55:32Z,Das Tübinger Unternehmen <em>CureVac</em> darf mit der klinischen Prüfung seines Impfstoffkandidaten gegen Corona beginnen. Das zuständige Paul-Ehrlich-Institut (PEI) in Langen erteilte dem Unternehmen die,Das Tübinger Unternehmen kann seinen Impfstoffkandidaten nun an Freiwilligen überprüfen. Es ist die zweite deutsche Firma mit einer entsprechenden Zulassung.,CureVac darf möglichen Corona-Impfstoff klinisch testen,http://www.zeit.de/wissen/gesundheit/2020-06/curevac-biotech-unternehmen-corona-impfstoff
13,Bundesregierung beteiligt sich an Impfstoffhersteller CureVac,2020-06-15T11:10:19Z,"Der Bund beteiligt sich an dem Tübinger Biotechunternehmen <em>CureVac</em>, das derzeit an der Entwicklung eines Impfstoffs gegen das neuartige Coronavirus forscht. Dies kündigte Bundeswirtschaftsminister","Das Tübinger Unternehmen bekommt Unterstützung vom Staat: Der Bund steigt mit 300 Millionen Euro ein. Auf das Geschäft, so hieß es, wolle man keinen Einfluss nehmen.",Bundesregierung beteiligt sich an Impfstoffhersteller CureVac,http://www.zeit.de/wirtschaft/unternehmen/2020-06/corona-impfstoff-curevac-bundeswirtschaftsministerium
14,Abstand halten,2020-06-24T14:59:01Z," Not mit Hunderten Millionen bei der Biotech-Firma <em>CureVac</em> einsteigt, obwohl die bei Dietmar Hopp, einem der wenigen deutschen Digitalmilliardäre, in besten Händen ist? In einem Anfall von Hybris glaubt","Wirecard, Lufthansa, Tönnies: Da rettet der Staat die Wirtschaft vor den Folgen von Corona und was kriegt er als Dank zurück? Skandale. Die Ordnungsmacht hat versagt.",Dürfen sich denn Manager in Deutschland alles herausnehmen?,http://www.zeit.de/2020/27/unternehmen-wirtschaft-staat-wirecard-toennies-lufthansa-cure-vac
15,"Kleine Spritze, große Hoffnung",2020-07-11T14:13:55Z,"Es ist eines dieser modernen kubischen Gebäude, die hauptsächlich grau sind und gläsern: Die Zentrale des biopharmazeutischen Unternehmens <em>CureVac</em> liegt auf einem Hügel über der Stadt Tübingen",In Tübingen läuft eine der ersten klinischen Corona-Impfstoffstudien. Es geht um den Erfolg des Unternehmens CureVac und die Zukunft einer ganzen Technologie.,"Kleine Spritze, große Hoffnung",http://www.zeit.de/wissen/gesundheit/2020-07/corona-impfstoff-studie-curevac-tuebingen
16,4.000 Freiwillige wollen an Corona-Impfstudie teilnehmen,2020-07-11T06:50:58Z," Biopharmaunternehmens <em>CureVac</em> auf seine Verträglichkeit zu testen. Seitdem haben etwa 50 Menschen das Mittel erhalten. Laut Kremsner sind noch keine überraschenden Nebenwirkungen aufgetreten. ""Bisher ist alles im grünen",Für eine Corona-Impfstudie an Tübingens Uniklinik haben sich Tausende Freiwillige gemeldet. Laut RKI ist das Infektionsgeschehen in Deutschland weiter positiv.,4.000 Freiwillige wollen an Corona-Impfstudie teilnehmen,http://www.zeit.de/wissen/gesundheit/2020-07/tuebingen-coronavirus-impfstudie-freiwillige-uniklinik
17,Fünf Irrtümer über die Covid-Impfung,2020-07-09T15:57:05Z,". Einen ähnlichen Ansatz, nur mit mRNA statt DNA als Erbgutmolekül, nutzen auch die deutschen Biotech-Firmen <em>CureVac</em> und BioNTech. Andere Forscherinnen und Forscher setzen auf abgetötete Viren oder","Die Welt wartet auf einen Corona-Impfstoff – mit teils falschen Vorstellungen: Weder wird es nur eine Vakzine geben, noch wird sie wohl alle vor einer Infektion schützen.",Fünf Irrtümer über die Covid-Impfung,http://www.zeit.de/wissen/gesundheit/2020-07/corona-impfstoff-verfuegbarkeit-wirksamkeit-forschung-irrtuemer
18,Forschung arbeitet an mehr als 130 potenziellen Impfstoffen,2020-07-08T13:03:41Z," Mengen für einen breiten Einsatz in der Bevölkerung zur Verfügung stünden, sei laut WHO derzeit nicht vorauszusagen. Erst kürzlich hat die EU-Kommission der Tübinger Firma <em>CureVac</em> 75 Millionen Euro für die",Weltweit wird auf eine Impfung gegen die Lungenkrankheit Covid-19 gehofft. Derzeit wird laut Weltgesundheitsorganisation WHO an über 130 Stoffen geforscht.,Forschung arbeitet an mehr als 130 potenziellen Impfstoffen,http://www.zeit.de/wissen/gesundheit/2020-07/coronavirus-impfstoff-covid-19-forschung-who
19,Keine Angst vor dem Monsterstaat,2020-07-08T04:10:47Z,".
Und dass sich der deutsche Staat zur Wahrung seiner Interessen, wie im Fall von <em>CureVac</em> geschehen, an einem Impfstoffhersteller beteiligt, ist angesichts der volkswirtschaftlichen Bedeutung der","Die Regierung beteiligt sich in der Corona-Krise an Unternehmen wie der Lufthansa. Ist er wieder da, der Leviathan, der jegliche privatwirtschaftliche Dynamik erdrückt?",Keine Angst vor dem Monsterstaat,http://www.zeit.de/politik/deutschland/2020-07/marktwirtschaft-corona-konjunkturpaket-einfluss-staat-5vor8
20,Impfentwickler CureVac erhält EU-Darlehen von 75 Millionen Euro,2020-07-06T12:42:33Z,Die Europäische Kommission stellt der Tübinger Firma <em>CureVac</em> 75 Millionen Euro für die Entwicklung von Impfstoffen insbesondere gegen das Coronavirus zur Verfügung. Das Biopharmaunternehmen teilte,Das Tübinger Unternehmen bekommt einen Kredit von der Europäischen Investitionsbank. Die Firma führt bereits erste klinische Studien mit ihrem Impfstoffkandidaten durch.,Impfentwickler CureVac erhält EU-Darlehen von 75 Millionen Euro,http://www.zeit.de/wirtschaft/unternehmen/2020-07/corona-impfstoff-europaeische-komission-curevac-darlehen
21,USA sichern sich 100 Millionen Impfdosen,2020-07-22T15:14:49Z, höher als bei anderen Impfstoffprojekten in der Vergangenheit. In Deutschland erlaubte das Paul-Ehrlich-Institut neben BioNTech auch dem in Tübingen ansässigen Unternehmen <em>CureVac</em> klinische Tests. Von,Die US-Regierung bestellt bei Pfizer und BioNTech Impfstoff für fast zwei Milliarden US-Dollar. Auch andere Regierungen verhandeln bereits mit den Herstellern.,USA sichern sich 100 Millionen Impfdosen,http://www.zeit.de/wirtschaft/unternehmen/2020-07/corona-impfstoff-usa-bestellung-biontech-pfizer-pharmaindustrie
22,Die Welt-Impfung,2020-07-22T14:51:10Z," Mitarbeiter die Ausrichtung des Unternehmens komplett um: Alles wurde einem neuen Ziel untergeordnet – der Entwicklung eines Impfstoffs, der die Pandemie stoppen kann.
Auch das Tübinger Unternehmen <em>CureVac</em> und",Weltweit erproben Forscher Impfstoffkandidaten gegen das Coronavirus. Es geht um Menschenleben und die Rückkehr zur Normalität – aber auch um Geld und Einfluss.,Das Warten auf die rettende Impfung,http://www.zeit.de/2020/31/coronavirus-impstoff-versuche-brasilien
23,So weit ist die Forschung an der Corona-Impfung,2020-07-20T11:06:04Z, T-Zellen. Die beiden deutschen Firmen BioNTech und <em>CureVac</em> arbeiten an sogenannten RNA-Impfstoffen. Allerdings ist bislang kein genbasierter Impfstoff für Menschen zugelassen. Wichtig seien hier auch,"Dass es bis Mitte 2021 erste Impfungen gegen Covid-19 gibt, hält die WHO für machbar. Es werden wohl mehrere marktreif – doch keiner wird die Pandemie ganz stoppen.",So weit ist die Forschung an der Corona-Impfung,http://www.zeit.de/wissen/gesundheit/2020-07/impfstoff-covid-19-antikoerper-infektionsschutz
24,Sanofi und GSK erhalten von den USA Milliarden für Corona-Impfstoff,2020-07-31T15:48:22Z," verschiedenen Arten von Technologien basieren"". An einem Impfstoff gegen das Coronavirus wird weltweit geforscht, unter anderem sind die deutschen Unternehmen BioNTech und <em>CureVac</em> daran beteiligt.
Die beiden",Mit einem Milliardendeal hat die US-Regierung sich mögliche Corona-Impfdosen gesichert. Aber auch die EU-Kommisison hat beim Pharmakonzern Sanofi Impfdosen reserviert.,Sanofi und GSK erhalten von den USA Milliarden für Corona-Impfstoff,http://www.zeit.de/wissen/gesundheit/2020-07/coronavirus-impfstoff-entwicklung-lieferung-usa-sanofi-glaxosmithkline-pharmaindustrie
25,CureVac startet mit Kurssprung an der Börse,2020-08-14T13:19:23Z,Das Tübinger Biotechunternehmen <em>CureVac</em> hat ein starkes Debüt an der US-Technologiebörse Nasdaq absolviert. Die Aktien notierten im frühen Handel bei knapp 49 Dollar mit mehr als dem Dreifachen ihres,Das Tübinger Biotechunternehmen hat an der US-Börse Nasdaq zum Handelsstart seinen Ausgabepreis mehr als verdreifacht. Die Anleger hoffen auf einen Corona-Impfstoff.,CureVac startet mit Kurssprung an der Börse,http://www.zeit.de/wirtschaft/unternehmen/2020-08/boersengang-curevac-nasdaq-usa-listung-corona-impfstoff
26,RKI veröffentlicht versehentlich altes Strategiepapier,2020-08-12T15:10:07Z,"-Unternehmen <em>CureVac</em> hatte ebenfalls am Dienstag mitgeteilt, die Wirksamkeit und Verträglichkeit seines Coronavirus-Impfstoffs zunächst in Brasilien testen zu wollen. Die Studie soll im September oder Oktober",In dem Text war von einem möglichen Corona-Impfstoff im Herbst die Rede. Tatsächlich ist diese Einschätzung nicht mehr aktuell.,RKI veröffentlicht versehentlich altes Strategiepapier,http://www.zeit.de/wissen/gesundheit/2020-08/covid-19-corona-impfstoff-rki-verfuegbar-herbst-2020-pandemie
27,CureVac plant Tests von Corona-Impfstoff in Brasilien,2020-08-11T09:01:05Z,"Das deutsche Biotech-Unternehmen <em>CureVac</em> will die Wirksam- und Verträglichkeit seines Coronavirus-Impfstoffes in Brasilien testen. Dies sagte die Infektiologin Sue Ann Clemens, Mitglied des Komitees","Testlabor Brasilien: Nach AstraZeneca, Sinovac und Pfizer will auch das Tübinger Unternehmen die Wirksamkeit seines Impfstoffs dort testen. Im Herbst soll es losgehen.",CureVac plant Tests von Corona-Impfstoff in Brasilien,http://www.zeit.de/wissen/2020-08/coronavirus-impfstoff-tests-brasilien-curevac-studie
28,EU unterzeichnet Vereinbarung über potenziellen Corona-Impfstoff,2020-08-20T14:21:41Z,Die EU hat mit dem Tübinger Pharma-Unternehmen <em>CureVac</em> eine Vereinbarung über bis zu 405 Millionen Dosen eines möglichen Corona-Impfstoffs getroffen. Man habe Sondierungsgespräche mit dem Unternehmen,Laut CureVac geht es um einen Vertrag über 225 Millionen Dosen mit Option auf 180 Millionen weitere. Die EU verhandelt für ihre Impfstrategie mit mehreren Herstellern.,EU unterzeichnet Vereinbarung über potenziellen Corona-Impfstoff,http://www.zeit.de/wissen/gesundheit/2020-08/curevac-coronavirus-impfstoff-eu-covid-19-europa
29,Pharmafirma will eine Milliarde Corona-Impfdosen pro Jahr herstellen,2020-08-16T13:51:27Z,Das Tübinger Pharmaunternehmen <em>CureVac</em> strebt die Produktion von einer Milliarde Corona-Impfdosen pro Jahr an. Abhängig von der letztlich benötigten Dosis pro Impfung könnten zunächst mehrere Hundert,Das Tübinger CureVac-Unternehmen will seinen Covid-Impfstoff in der ersten Jahreshälfte 2021 auf den Markt bringen. Für die Produktion ist eine Expansion geplant.,Pharmafirma will eine Milliarde Corona-Impfdosen pro Jahr herstellen,http://www.zeit.de/wissen/gesundheit/2020-08/curevac-corona-impfstoff-impfdosen-pharmaunternehmen-tuebingen
30,"""Wenn die Impfung zwölf Monate immun machen würde, wäre das großartig""",2020-08-27T04:50:54Z,".
ZEIT ONLINE: Modernas Impfstoff enthält auch weit mehr RNA als vergleichbare Impfstoffkandidaten von BioNTech und <em>CureVac</em>. Warum?
Zaks: Es ist schwer, die verschiedenen Technologien zu vergleichen. Schon","Moderna testet seinen Impfstoff in der letzten klinischen Phase. Der Chefmediziner erklärt, wie er wirken soll – und warum viele Nebenwirkungen ein gutes Zeichen sind.","""Wenn die Impfung zwölf Monate immun machen würde, wäre das großartig""",http://www.zeit.de/wissen/gesundheit/2020-08/corona-impfstoff-nebenwirkungen-immunitaet-coronavirus-moderna-biotech
31,CureVac erhält Millionenförderung vom Bund,2020-09-04T13:30:15Z,"Das Tübinger Biotechunternehmen <em>CureVac</em> erhält für die Forschung an einem Corona-Impfstoff eine Förderung des Bundes in Höhe von 252 Millionen Euro. Ein Sprecher des Unternehmens, an dem sich auch",Der Bund unterstützt die Forschung des Biotechunternehmens mit 252 Millionen Euro. Der Impfstoffkandidat von CureVac wird derzeit an gesunden Erwachsenen getestet.,CureVac erhält Millionenförderung vom Bund,http://www.zeit.de/wissen/gesundheit/2020-09/corona-impfstoff-curevac-millionenfoerderung-bund
32,Tesla-Chef lobt Zusammenarbeit mit CureVac im Kampf gegen Covid-19,2020-09-02T18:12:02Z,", Bundesforschungsministerin Anja Karliczek und Unionsfraktionschef Ralph Brinkhaus (alle CDU) getroffen. Dabei würdigte er die Zusammenarbeit seines Unternehmens mit der Tübinger Biotech-Firma <em>CureVac</em>, die er am Abend zuvor",Tesla und die Tübinger Biotech-Firma kooperieren bei der Impfstoffproduktion. Bei der Unionsklausurtagung hat Musk zudem mehrere Bundesminister getroffen.,Tesla-Chef lobt Zusammenarbeit mit CureVac im Kampf gegen Covid-19,http://www.zeit.de/wirtschaft/unternehmen/2020-09/elon-musk-tesla-besuch-union-peter-altmaier-jens-spahn-ralph-brinkhaus
33,Labor der Hoffnung,2020-09-02T14:58:53Z," Start-ups wie die Tübinger Impfstoffschmiede <em>Curevac</em> machen weltweit Schlagzeilen.
Gerade die deutschen Hochschulen: die als so behäbig galten. Die als reformresistent geschmäht wurden. Die sich nur","Ausgerechnet in der Krise beweisen Deutschlands Hochschulen, was sie können. Ihre Verantwortung aber wiegt schwer – nicht nur für die Studierenden.",Labor der Hoffnung,http://www.zeit.de/2020/37/hochschulen-corona-krise-deutschland-forschung
34,EU-Kommission will BioNTech 200 Millionen Impfdosen abnehmen,2020-09-09T11:49:49Z," Coronavirus. Die EU-Kommission schloss bereits einen Liefervertrag mit AstraZeneca, vorbereitende Sondierungsgespräche wurden außerdem bereits mit den Unternehmen Sanofi-GSK, Johnson & Johnson, <em>CureVac</em> und",Die Europäische Kommission hat sich mit BioNTech auf den Erwerb eines potenziellen Corona-Impfstoffs geeinigt. Die Auslieferung könnte schon Ende 2020 starten.,EU-Kommission will BioNTech 200 Millionen Impfdosen abnehmen,http://www.zeit.de/wirtschaft/2020-09/corona-impfstoff-eu-kommission-biontech-impfstoffdosen
35,BioNTech und Pfizer starten Corona-Impfstoffstudie in Deutschland,2020-09-07T13:00:23Z,"-Impfstoffprojekte, davon befinden sich 34 in der klinischen Erprobung am Menschen. 
BioNTech war neben dem Tübinger Biotechunternehmen <em>CureVac</em> und dem Unternehmen IDT Biologika aus Dessau-Roßlau für eine Förderung",An rund 30.000 Menschen wird der Impfstoffkandidat mit dem Namen BNT162b2 derzeit getestet. Im Idealfall könnte schon im Oktober eine Zulassung beantragt werden.,BioNTech und Pfizer starten Corona-Impfstoffstudie in Deutschland,http://www.zeit.de/wirtschaft/unternehmen/2020-09/coronavirus-impfstoff-studie-biontech-pfizer-start-deutschland
36,Impfkommission erwartet Zulassung mehrerer Corona-Impfstoffe,2020-09-16T05:17:06Z, Firmen mit 750 Millionen Euro unterstützen wird. Dabei sollen an das Mainzer Unternehmen BioNtech 375 Millionen Euro fließen und an den Tübinger Hersteller <em>Curevac</em> 230 Millionen Euro. Ferner soll die Firma,Im kommenden Jahr könnte es einen oder mehrere Corona-Impfstoffe geben. Laut der Impfkommission des RKI sollen davon zuerst Ältere und das Pflegepersonal profitieren.,Impfkommission erwartet Zulassung mehrerer Corona-Impfstoffe,http://www.zeit.de/wissen/gesundheit/2020-09/robert-koch-institut-impfkommission-coronavirus-impfstoff-zulassung
37,"""Es geht nicht darum, die Ersten zu sein""",2020-09-15T11:38:14Z, Impfstoffhersteller Fördermittel in Höhe von insgesamt 750 Millionen Euro. Gefördert wird die beschleunigte Impfstoffentwicklung des Tübinger Biotech-Unternehmens <em>Curevac</em> sowie der Mainzer Firma BioNTech. Als drittes,"Jens Spahn geht davon aus, dass der Corona-Impfstoff schneller entwickelt wird als je zuvor ein Mittel. Er mahnt aber: Sicherheit gehe vor Geschwindigkeit.","""Es geht nicht darum, die Ersten zu sein""",http://www.zeit.de/politik/deutschland/2020-09/corona-impfstoff-forschung-jens-spahn-anja-karliczek-foerderprogramm-pressekonferenz
38,Behörden genehmigen Tests mit drittem potenziellem Corona-Impfstoff,2020-10-02T10:59:20Z, Kandidaten der beiden Biotechfirmen BioNtech und <em>Curevac</em> genehmigt. Weltweit befinden sich laut Weltgesundheitsorganisation inzwischen bereits 41 potenzielle Impfstoffe in einer klinischen Prüfung. ZEIT ONLINE,"In Deutschland darf ein weiteres Team mit der klinischen Prüfung ihres Impfstoffs beginnen. Phase 1 startet mit 30 Freiwilligen, um so die Verträglichkeit zu prüfen.",Behörden genehmigen Tests mit drittem potenziellem Corona-Impfstoff,http://www.zeit.de/wissen/gesundheit/2020-10/coronavirus-impfstoff-test-paul-ehrlich-institut-zulassung-pocken-dzif
39,"Der Stoff, den alle wollen",2020-10-07T10:12:54Z," flächendeckende Verteilung sicherstellen kann und man sich auch nicht auf den Erfolg eines einzelnen Forschungsprojekts verlassen will, verhandelt die EU mit weiteren Firmen. Dazu gehört auch <em>Curevac</em> aus Tübingen",Der erste Corona-Impfstoff könnte bald verfügbar sein. Wie sichern sich Deutschland und die EU die nötigen Dosen? Und was wird das am Ende kosten?,"Der Stoff, den alle wollen",http://www.zeit.de/wirtschaft/2020-09/corona-impfstoff-verteilung-deutschland-usa-europa-immunitaet-impfpflicht
40,Klimaschutz mit Baggerschaufel,2020-10-21T14:51:33Z," for you"", schnappte sich sein selbst gebautes E-Bike und fuhr von seinem Wohnheim in Tübingen zum nahe gelegenen Campus des Impfstoffherstellers <em>CureVac</em>, wo Musk und sein Gefolge zu Besuch waren.
Und er","Fans und erbitterte Gegner von Teslas geplanter E-Auto-Fabrik in Brandenburg streiten darüber, ob sie der Umwelt schadet – oder letztlich hilft. Wer hat recht?",Klimaschutz mit Baggerschaufel,http://www.zeit.de/2020/44/tesla-gigafactory-gruenheide-brandenburg-umwelt-klimaschutz-elektroauto
41,Der gute Stoff,2020-11-11T15:53:05Z," mit <em>CureVac</em> aus Tübingen ist zu rechnen. Die Industrie scheint also zu liefern – jetzt ist die Politik am Zug.
Berlin am Dienstagmorgen. Bundesgesundheitsminister Jens Spahn (CDU) geht es zu langsam","Das Mainzer Start-up BioNTech hat Hoffnungen geweckt, dass die Pandemie bald beendet sein könnte. Doch nun geht nicht nur die Jagd nach dem Impfstoff erst richtig los.",Der gute Stoff,http://www.zeit.de/2020/47/biontech-corona-impfstoff-start-up-pandemie
42,Endlich immun?,2020-11-11T15:50:20Z," dasteht. <em>CureVac</em> aus Tübingen meldet mit einer ähnlichen Technologie ebenfalls erste Testerfolge. So zeigen die Medizinforscher und die Milliardäre, die sie finanzieren, gerade den Internetgründern",Der Impfstoff ist ein großer Erfolg im Kampf gegen Corona – aber auch einer für Deutschland und seine Migranten.,Endlich immun?,http://www.zeit.de/2020/47/corona-impfstoff-immunitaet-deutschland-migration
43,"""Finger weg vom Börsenhype um die Impfhersteller""",2020-11-10T18:37:26Z," BioNTech-Aktie legte sprunghaft zu, auch andere Pharmafirmen, die an einem Impfstoff oder Corona-Medikament arbeiten, profitierten. Der Aktienkurs des Tübinger Biotechunternehmens <em>CureVac</em> etwa stieg um 7,3",Die Aussicht auf einen Impfstoff hat an der Börse Euphorie ausgelöst. Eine Chance für Kleinanleger? Anlageexperte Hendrik Buhrs warnt vor Wetten auf einzelne Firmen.,"""Finger weg vom Börsenhype um die Impfhersteller""",http://www.zeit.de/wirtschaft/2020-11/corona-impfstoff-aktienmarkt-biontech-pfizer-pharmaindustrie-finanztip-tipps
44,BNT162b2 könnte der erste Corona-Impfstoff sein,2020-11-09T17:19:47Z," Ergebnisse von BioNTechs, aber auch die Impfstoffkandidaten von <em>CureVac</em> und ModeRNA nahe. Sie alle liegen in der Erprobung relativ weit vorn. Clemens Wendtner, der Chefarzt der Infektiologie der Schwabinger",Die Corona-Vakzine der Mainzer Firma BioNTech soll zu mehr als 90 Prozent vor Covid schützen. Experten sind zuversichtlich. Ihr Optimismus ist durchaus angebracht.,BNT162b2 könnte der erste Corona-Impfstoff sein,http://www.zeit.de/wissen/gesundheit/2020-11/biontech-corona-impfstoff-ansteckung-schutz-forschung
45,Die undurchsichtigen Impfstoffverträge der EU,2020-11-27T04:58:11Z,Johnson & Johnson. Sanofi-GSK. AstraZeneca. BioNTech und Pfizer. <em>CureVac</em>. Moderna. Mit diesen Pharmaherstellern hat die Europäische Union bereits Verträge über die Lieferung eines möglichen Corona,"Die EU hat bereits mit sechs Herstellern Verträge über Impfstofflieferungen geschlossen. Fast niemand weiß, was drinsteht. Außerdem: Was macht Sergej Lawrow in Minsk?",Die undurchsichtigen Impfstoffverträge der EU,http://www.zeit.de/politik/2020-11/europaeische-union-impfstoff-vertraege-hersteller-nachrichtenpodcast
46,Die Rechnung für den Sieg über das Virus,2020-11-27T04:42:18Z, dem deutsch-niederländischen Impfstoffhersteller <em>CureVac</em> Mitte des Monats. Und nun in dieser Woche die Übereinkunft mit dem US-Biotech-Unternehmen Moderna. Drei weitere Impfstoffverträge unterzeichnete,Die EU schließt einen Impfstoffvertrag nach dem anderen. Ist das der Durchbruch gegen Corona? Kritiker warnen vor ausufernden Kosten und dem Einfluss der Pharmaindustrie.,Die Rechnung für den Sieg über das Virus,http://www.zeit.de/politik/ausland/2020-11/corona-impfstoff-vertraege-eu-kommission-pandemie-pharma-industrie
47,"Männlich, ländlich, unsicher",2020-11-25T16:02:02Z,". Sondern der Tesla-Chef Elon Musk. Im Foyer stand ein RNA-Printer der Firma <em>Curevac</em>, der künftig blitzschnell Impfstoffe herstellen soll. Auf Betreiben von Gesundheitsminister Jens Spahn ist die Regierung",Mitten im Führungschaos der CDU wird die Bundestagsfraktion in Berlin zu einem neuen Machtzentrum. Die Wirtschaftsliberalen verlieren dagegen an Einfluss.,"Männlich, ländlich, unsicher",http://www.zeit.de/2020/49/cdu-vorsitz-corona-krise-bundestag-machtposition
48,"""Leerlauf ist keine Option""",2020-11-25T15:59:59Z," dem 58-jährigen von Bohlen läuft es: Er ist der Mann hinter <em>Curevac</em>, das ebenfalls ein heißer Kandidat im Rennen nach einem Impfstoff ist. 2004 hat er die Firma entdeckt, hat investiert und das","Friedrich von Bohlen ist ein Visionär der deutschen Biotechnologie. Mit dem Impfstoffhersteller Curevac hofft er auf die Chance, endlich die Medizin zu revolutionieren.","""Leerlauf ist keine Option""",http://www.zeit.de/2020/49/corona-impfstoff-curevac-biotechnologie-friedrich-von-bohlen
49,EU schließt Impfstoff-Vertrag auch mit Moderna ab,2020-11-24T16:55:18Z," Anbietern Johnson&Johnson, Sanofi-GSK und AstraZeneca, Pfizer-Biontech und <em>Curevac</em> geschlossen.
Insgesamt sicherte sich die Kommission in Brüssel bislang mehr als 1,3 Milliarden Dosen, mit Optionen wären es",Die Vakzine des US-Konzerns zählen zu den aussichtsreichsten – und sind künftig auch in der EU zu haben. Die Brüsseler Kommission schließt den sechsten Impfstoffvertrag.,EU schließt Impfstoff-Vertrag auch mit Moderna ab,http://www.zeit.de/wirtschaft/2020-11/corona-impfstoff-eu-moderna-pharmakonzern
50,Eine Frage der Kühlung,2020-11-23T13:43:22Z, Firmeninformationen sogar 30 Tage lang bei Kühlschranktemperatur halten. Noch einfacher zu handhaben sollen die Impfstoffe von <em>Curevac</em> aus Tübingen und die des Pharmaunternehmens AstraZeneca in Zusammenarbeit mit der,"Der erste Corona-Impfstoff, den Deutschland bekommen soll, muss in Super-Kühlschränken bei minus 70 Grad eingefroren werden. Wird das zum Problem bei der Verteilung?",Eine Frage der Kühlung,http://www.zeit.de/wissen/gesundheit/2020-11/corona-impfstoff-kuehlung-temperatur-trockeneis-biontech
51,Zweifel an Lockerungen über die Feiertage nehmen zu,2020-12-05T17:00:18Z," mit einer ""gewissen Wahrscheinlichkeit"" bis zur Jahresmitte zugelassen würden. Dazu zählte er neben den Entwicklungen von BioNtech/Pfizer und Moderna auch die Produkte von <em>Curevac</em>, AstraZeneca sowie","Fünf Wochen dauert der Teil-Lockdown – doch die Infektionszahlen gehen nicht zurück. Mehrere Politiker fordern, die Lockerungen über die Feiertage wieder zurückzunehmen.",Zweifel an Lockerungen über die Feiertage nehmen zu,http://www.zeit.de/politik/deutschland/2020-12/kontaktbeschraenkungen-deutschland-union-spd-lockerungen-feiertage
52,Impfe und herrsche,2020-12-09T15:53:05Z," <em>Curevac</em>. Das würde genügen, um 650 Millionen Menschen zu impfen – die EU hat aber bloß 450 Millionen Einwohner.
Ähnlich großzügig bestellten die USA, während Großbritannien und Australien jeweils rund","Europa, die USA, China und Russland wetteifern darum, das drängendste Problem der Welt zu lösen und damit ihren Einfluss auszubauen. Wessen Strategie geht auf?",Jetzt kommt die Macht aus den Reagenzgläsern,http://www.zeit.de/2020/52/corona-impfung-strategie-gesundheitssystem-europa-usa-china-russland
53,"""Kopf gegen die Wand""",2020-12-09T15:52:09Z,", die jetzt Moderna, BioNTech und auch <em>CureVac</em> einsetzen, um uns von den Fesseln dieser Pandemie zu befreien.","Boris Palmer beantwortet den politischen Fragebogen: Der Provokateur über den ""Lockdown des Denkens"", die Tragik seines Vaters und eine gute Beleidigung für Björn Höcke","""Ich bin Teil des Problems der identitätspolitischen Spaltung""",http://www.zeit.de/2020/52/boris-palmer-gruene-corona-pandemie-afd-bjoern-hoecke
54,Der große Impfplan,2020-12-07T10:33:21Z," stehen. Die EU und auch Deutschland haben schon Lieferverträge mit AstraZeneca, BioNTech-Pfizer, <em>CureVac</em>, Johnson & Johnson, Moderna und Sanofi-GSK geschlossen. So sollen eine schnelle Lieferung und",Die Impfungen gegen Corona können endlich starten. Wer kommt zuerst dran – wer muss warten? Und wo gibt es Termine? Die wichtigsten Fakten und eine Karte der Impfzentren,Der große Impfplan,http://www.zeit.de/wissen/gesundheit/2020-12/corona-impfzentrum-deutschland-aktuell-impfung-karte
55,Impfungen in der EU starten am 27. Dezember,2020-12-17T13:57:56Z," Pharmaceutica, <em>CureVac</em> und Moderna. Insgesamt beliefen sich die Lieferverträge der EU-Kommission auf gut 1,3 Milliarden Dosen. Zudem wurden Optionen für 660 Millionen weitere Dosen vereinbart.
Im Falle des","""Das ist Europas Moment"": Nach der geplanten Zulassung des BioNTech-Impfstoffs sollen die Impfungen in der EU Ende Dezember beginnen. Das teilte die EU-Kommission mit.",Impfungen in der EU starten am 27. Dezember,http://www.zeit.de/gesellschaft/2020-12/corona-pandemie-impfung-europa-beginn-27-dezember-deutschland
56,Deutschland stellt sich hinten an,2020-12-16T16:00:09Z," Millionen Einwohner.
Vielleicht kommt die deutsche <em>CureVac</em> mit ihrem Impfstoff im nächsten Jahr, vielleicht bald auch der US-Konzern Johnson & Johnson – bei beiden hat die EU bestellt. Sie stellen bisher aber","Die USA, Großbritannien und Kanada haben große Mengen Impfstoffe bestellt. Die Bundesregierung hat dagegen beim Impfen ganz auf Europa gesetzt – und krachend verloren.",Deutschland stellt sich hinten an,http://www.zeit.de/2020/53/corona-impfungen-impfstoff-deutschland-europa-grossbritannien-usa
57,"""Impfen ist der Schlüssel raus aus dieser Pandemie""",2020-12-30T10:39:15Z," Impfstoffe weiterer Unternehmen wie Johnson & Johnson, AstraZeneca und <em>Curevac</em> zugelassen würden. Er rechnet damit, dass in der kommenden Woche ein weiterer Impfstoff zugelassen werde, der von Moderna.
Am","Der Bundesgesundheitsminister setzt große Hoffnungen in die Impfkampagne. 60.000 Menschen seien bereits geimpft, eine Rückkehr zur Normalität aber noch weit entfernt.","""Impfen ist der Schlüssel raus aus dieser Pandemie""",http://www.zeit.de/wissen/gesundheit/2020-12/jens-spahn-rki-pressekonferenz-corona-impfstart-lockdown
58,Manches wird gut!,2020-12-29T16:00:01Z," den gesellschaftlichen Nutzen der mRNA-Technologie gezeigt, Stiftungen und Staaten haben deshalb zusätzliches Kapital bereitgestellt, mit dem Firmen wie BioNTech und <em>Curevac</em> ihre Forschung weiterbringen","Worauf wir uns im Jahr 2021 freuen können: Die Wirtschaft wird boomen, um Naturschutz kommt keiner mehr herum. Und die Männer werden weiblicher.",Manches wird gut!,http://www.zeit.de/2021/01/prognosen-2021-corona-impfstoffe-pharmaindustrie-wirtschaft-klimaneutralitaet
59,EU bestellt weitere 300 Millionen Dosen der BioNTech/Pfizer-Vakzine,2021-01-08T13:35:59Z," Pharmakonzern Bayer und das Tübinger Biotechunternehmen <em>CureVac</em> eine Kooperation geschlossen, sodass der <em>CureVac</em>-Impfstoff möglichst ab dem dritten Quartal eingesetzt werden kann. <em>CureVac</em> ist seit Längerem mit",Mit dem Vertrag hat die EU ihre Bestellung des Impfstoffes bei BioNTech/Pfizer verdoppelt. Deutschland kann mit dem Verimpfen einer neuen Lieferung beginnen.,EU bestellt weitere 300 Millionen Dosen der BioNTech/Pfizer-Vakzine,http://www.zeit.de/wissen/gesundheit/2021-01/corona-impfstoff-biontech-pfizer-eu-bestellung-ursula-von-der-leyen
60,CureVac und Bayer schließen Kooperationsvertrag für Corona-Impfstoff,2021-01-07T10:34:09Z,Der Pharmakonzern Bayer und das Tübinger Biotech-Unternehmen <em>CureVac</em> haben einen Kooperations- und Servicevertrag über die Entwicklung eines Corona-Impfstoffes geschlossen. Das teilten die beiden,Der Bayer-Konzern will CureVac bei der Auslieferung und Entwicklung des Impfstoffes unterstützen. Im Fall einer Zulassung hat sich die EU 405 Millionen Dosen gesichert.,CureVac und Bayer schließen Kooperationsvertrag für Corona-Impfstoff,http://www.zeit.de/wirtschaft/2021-01/corona-impfstoff-curevac-bayer-partnerschaft-impfstoffentwicklung-pharmaindustrie
61,Das wird Spritze!,2021-01-13T15:53:36Z," der eilige Passant da vorn ein Mainzer Geimpfter (also einer, der den BioNTech-Pfizer-Stoff erhielt) oder ein Tübinger (einer, der den Bayer-<em>Curevac</em>-Stoff in sich hat)? Da, in dem Bungalow, soll ein mit","Im Fernsehen sieht man sie nun ständig: Oberarme, in die eine Impfnadel dringt. Durch sie fließt die Zukunft. Schon jetzt ist die Impfspritze das Symbol des Jahres 2021.",Das wird Spritze!,http://www.zeit.de/2021/03/impfungen-coronavirus-nadeln-medien-impfsstrategie
62,Sie machen einfach mal,2021-01-23T07:28:19Z," <em>CureVac</em> setzte, deren Impfstoff immer noch in der Testphase ist.
Laut israelischen Medienberichten hat Israel insgesamt um die 20 Millionen Dosen bei BioNTech/Pfizer, Moderna und AstraZeneca bestellt. Zu","Hier sind sogar schon die Studenten dran: Israel kann auch deshalb so schnell impfen, weil es weniger perfektionistisch ist als Deutschland.",Sie machen einfach mal,http://www.zeit.de/politik/ausland/2021-01/israel-coronavirus-impfung-infektionszahl-pandemie
63,"""Die Corona-Impfung verändert Ihr Erbgut nicht""",2021-01-21T12:56:00Z,"-Kandidaten von <em>CureVac</em>, schon eine ganze Weile. mRNA-Impfstoffe scheinen das Immunsystem ähnlich zu stimulieren wie Lebendimpfstoffe, die meist ein Leben lang schützen. Und ich habe damit gerechnet, dass eines","Niemand muss fürchten, dass Impfstoffe ihm schaden, sagt der Infektiologe Leif Erik Sander. Er spricht über berechtigte Sorgen, Mutanten und unsere Zukunft mit dem Virus.","""Die Corona-Impfung verändert Ihr Erbgut nicht""",http://www.zeit.de/wissen/gesundheit/2021-01/leif-erik-sander-coronavirus-impfung-infektiologe-mutationen-mrna-herdenimmunitaet
64,Spitzenpolitiker warnen vor Grenzschließungen in Europa,2021-01-21T09:20:05Z," Zulassung von neuen Impfstoffen in Kürze. Ende nächster Woche könnte der Hersteller AstraZeneca die EU-Zulassung bekommen, in den Wochen danach womöglich die Mittel von Johnson & Johnson und <em>CureVac</em>. Zudem",Vor dem Gipfel der europäischen Regierungschefs am Abend warnen Politiker aller Parteien vor erneuten Grenzschließungen. Alle EU-Länder müssten nun synchron handeln.,Spitzenpolitiker warnen vor Grenzschließungen in Europa,http://www.zeit.de/politik/ausland/2021-01/eu-corona-gipfel-impfung-pandemie-impfpass-grenzschliessungen-grenzkontrollen
65,Nach den Regeln der Natur,2021-01-20T15:53:26Z, womöglich von <em>CureVac</em> innerhalb von wenigen Wochen an Ausbruchsmutanten angepasst werden können. Das ist eine ganz neue Qualität im Kampf gegen Viren: die extreme Beschleunigung einer gezielten Evolution der,"Viren verändern sich unablässig. Sie können nicht anders. Die Evolution zeigt: Es war zu erwarten, dass Corona-Mutationen Politik und Wissenschaft vor sich hertreiben.",Sars-CoV-2 folgt nur den Regeln der Natur,http://www.zeit.de/2021/04/viren-corona-mutation-sars-cov-2-b117-immunitaet
66,"""Es liegen noch einige harte Wochen der Impfstoff-Knappheit vor uns""",2021-01-29T09:56:02Z," Quartal sei zudem mit den Impfstoffen von <em>Curevac</em> und Johnson & Johnson zu rechnen. Ziel sei weiter, allen Menschen bis zum Sommer ein Impfangebot machen zu können.
Der Chef des Robert Koch-Instituts","Bundesgesundheitsminister Jens Spahn appelliert beim Thema Impfen an die Geduld der Bevölkerung. Positiv sei, dass die Fallzahlen zurückgingen.","""Es liegen noch einige harte Wochen der Impfstoff-Knappheit vor uns""",http://www.zeit.de/politik/deutschland/2021-01/coronavirus-jens-spahn-neuinfektionen-leichter-rueckgang-lockdown-gesundheitsminister-bundespressekonferenz
67,Warum Europa besser verbieten kann als impfen,2021-01-28T17:10:01Z,", Deutschland zugunsten von <em>CureVac</em>. So wäre der innereuropäische Nationalismus wenigstens teilweise für die europäischen Fehlentscheidungen verantwortlich.
Drittens erleben wir gerade bei der Tragikomödie um den",Ausgerechnet Chaoten wie Donald Trump und Boris Johnson hängen die EU beim Impfen ab. Hätte uns also ein bisschen mehr Nationalismus gutgetan? Auf keinen Fall!,Warum Europa besser verbieten kann als impfen,http://www.zeit.de/politik/2021-01/corona-impfung-eu-impfstoff-verteilung-vertraege-grossbritannien-nationalismus
68,Die Hälfte bleibt im Kühlschrank,2021-01-27T15:55:43Z," hat bereits die Genehmigung für ein zusätzliches Werk in Marburg, weiter ist geplant, dass der Pharmakonzern Sanofi für das Unternehmen tätig wird. <em>CureVac</em> aus Tübingen hat sich mit Bayer","Deutschland impft quälend langsam – auch, weil manche Bundesländer große Impfstoffmengen zunächst einlagern. Ist das die richtige Strategie? ",Die Hälfte bleibt im Kühlschrank,http://www.zeit.de/2021/05/impfstrategie-eu-coronavirus-impfstoff-produktion-aufbewahrung
69,Zwei Prozent der Bevölkerung gegen Covid geimpft,2021-01-26T15:40:24Z," darüber hinaus: 56,2 Millionen Dosen von AstraZeneca, bis zu 73 Millionen Dosen von <em>CureVac</em> und 37,25 Millionen Dosen von Johnson & Johnson.
Die EU-Gesundheitsbehörde ECDC soll die Daten zu gelieferten und","Die Corona-Immunisierung in Deutschland geht nur langsam voran: 1,6 Millionen Bürger wurden bisher einmal geimpft. Grund sind Lieferengpässe und schlechte Organisation.",Zwei Prozent der Bevölkerung gegen Covid geimpft,http://www.zeit.de/wissen/2021-01/coronavirus-immunisierung-impfstoff-produktion-engpass-logistik
70,Lasst auch die anderen ran,2021-01-26T12:56:36Z," das Angebot von Bayer angenommen.
Zwar arbeitet Bayer seit Kurzem mit dem Tübinger Pharmaunternehmen <em>CureVac</em> zusammen, das auch einen Impfstoff entwickelt. Berichten zufolge soll die Bundesregierung den","Es ist dringend Zeit, alle Impfstoffreserven zu mobilisieren. Auch wenn das heißt, BioNTech und Pfizer zur Lizenzierung ihres Mittels zu zwingen – zum Beispiel an Bayer.",Lasst auch die anderen ran,http://www.zeit.de/wirtschaft/2021-01/corona-impfstoff-pfizer-biontech-bayer-lizenz-coronavirus
71,Der neue Wirkstoff aus Russland,2021-02-04T05:01:04Z," die Unternehmen Johnson & Johnson, <em>CureVac</em> und Novovax geben Hoffnung auf neue Impfstoffe, die zugelassen werden könnten. Im Gespräch ist nun auch der russische Wirkstoff Sputnik V. Die frühe Zulassung",Es gibt auch gute Nachrichten zum Thema Impfen. Eine davon: Sputnik V. Außerdem im Nachrichtenpodcast: Sitzen bald Klimaaktivisten in den Landtagen?,Der neue Wirkstoff aus Russland,http://www.zeit.de/politik/2021-02/corona-impfstoff-sputnik-fridays-for-future-nachrichtenpodcast
72,"Schleppend, aber nur für den Moment",2021-02-04T04:26:26Z,", lässt sich auch an der Zusammenarbeit des deutschen Unternehmens <em>CureVac</em> mit dem Pharmakonzern Bayer erahnen. Zu Beginn dieses Jahres hatten die beiden verkündet, für die Produktion des von <em>CureVac</em>",Bis April bleibt es knapp mit den Impfstoffen. Daran kann die Politik nichts ändern. Doch ob Sputnik oder andere Impfungen: Neues aus der Forschung lässt zu Recht hoffen.,"Schleppend, aber nur für den Moment",http://www.zeit.de/wissen/2021-02/corona-impfstoffe-forschung-knappheit-astra-zeneca-moderna-pfizer
73,Wahlen werden heute mit der Spritze entschieden,2021-02-02T10:08:52Z," Vertreter der EU-Kommission einbestellt, womit die Machtverhältnisse in Europa schon mal klargestellt wurden. Auch die Pharmaindustrie – Vertreter der Firmen BioNTech, Pfizer, AstraZeneca, <em>CureVac</em>, IDT",Boris Johnson hat sich politisch durch eine erfolgreiche Impfkampagne gerettet. In der deutschen Politik aber geht im Wahljahr die große Angst vor dem Impffrust um.,Wahlen werden heute mit der Spritze entschieden,http://www.zeit.de/politik/deutschland/2021-02/corona-impfgipfel-pandemie-astrazeneca-biontech-angela-merkel
74,Bundesregierung geht von breiter Impfstoff-Verfügbarkeit im Herbst aus,2021-02-01T14:41:18Z," <em>CureVac</em> dazu – insgesamt also 77,1 Millionen Impfdosen.
Bis zum Ende des Sommers sollen dann innerhalb von drei Monaten weitere 34,7 Millionen Dosen von BioNTech/Pfizer sowie 26,7 Millionen Impfdosen von","Spätestens im dritten Quartal sollen so viele Vakzine in Deutschland vorhanden sein, dass alle Menschen geimpft werden können. Das geht aus Regierungspapieren hervor.",Bundesregierung geht von breiter Impfstoff-Verfügbarkeit im Herbst aus,http://www.zeit.de/politik/deutschland/2021-02/lieferung-corona-impfstoff-ueberblick-pandemie-krise-impfgipfel
75,Bayer will Impfstoff von CureVac herstellen,2021-02-01T10:27:51Z,Der Pharmakonzern Bayer will in die Produktion von Covid-19-Impfstoffen einsteigen und das noch nicht zugelassene Vakzin des Tübinger Entwicklers <em>CureVac</em> herstellen. Das kündigten beide Unternehmen,CureVac hofft auf eine Marktzulassung seines Impfstoffs im Sommer. Ende des Jahres will der Pharmakonzern Bayer dann die Produktion mit übernehmen.,Bayer will Impfstoff von CureVac herstellen,http://www.zeit.de/wirtschaft/unternehmen/2021-02/pharmakonzerne-corona-impfstoff-bayer-curevac-produktion
76,Lieferausfall bei AstraZeneca an EU geringer als erwartet,2021-01-31T23:53:06Z," & Johnson und <em>CureVac</em> abgeschlossen, insgesamt umfassen sie die Lieferung von bis zu zwei Milliarden Dosen. Die anderen Hersteller haben bislang allerdings noch keinen fertigen Impfstoff vorlegen können.
Auch",Laut EU-Kommission will der Impfstoffhersteller 40 Millionen Impfdosen bis Ende März liefern. Das ist die Hälfte der ursprünglich anvisierten Menge.,Lieferausfall bei AstraZeneca an EU geringer als erwartet,http://www.zeit.de/wissen/gesundheit/2021-01/corona-impfstoff-lieferung-astra-zeneca-eu
77,EU ordert 300 Millionen weitere Impfdosen von BioNTech/Pfizer,2021-02-08T18:31:39Z," im zweiten Quartal 2021 geliefert werden, der restliche Impfstoff dann bis Ende des Jahres.
405 Millionen Dosen sollen vom Tübinger Lieferanten <em>CureVac</em> kommen, dessen Impfstoff derzeit noch getestet","Die Kommission hatte es Anfang Januar angekündigt, jetzt hat sie dem Vertrag zugestimmt: BioNTech/Pfizer liefern weitere Dosen. 75 Millionen sollen bis Ende März kommen.",EU ordert 300 Millionen weitere Impfdosen von BioNTech/Pfizer,http://www.zeit.de/politik/ausland/2021-02/eu-ordert-300-millionen-weitere-impfdosen-von-biontech-pfizer
78,Spahn erwartet schnellere Impfung von Erziehern und Grundschullehrern,2021-02-20T19:40:02Z,". Bei dem Präparat von Johnson & Johnson sei damit in zwei bis vier Wochen zu rechnen, bei dem von <em>CureVac</em> im April oder Mai.
Wenn das Präparat von Johnson & Johnson zugelassen ist, will die Stiko nach","Der Bundesgesundheitsminister rechnet damit, dass das Personal von Kitas und Grundschulen bald gegen Covid-19 geimpft wird. Die Ständige Impfkommission ist dagegen.",Spahn erwartet schnellere Impfung von Erziehern und Grundschullehrern,http://www.zeit.de/politik/deutschland/2021-02/jens-spahn-gesundheitsminister-impfung-priorisierung-stiko
79,Lockern oder Lockdown?,2021-02-24T15:57:49Z, sicher gegen die britische Variante. Der Zulassungsantrag für den nächsten mRNA-Impfstoff ist in Sicht: Er kommt voraussichtlich im März vom Tübinger Unternehmen <em>CureVac</em>. Und wer die Studiendaten von,"Seit Monaten sind weite Teile des öffentlichen Lebens in Deutschland lahmgelegt. Nun steigt die Ungeduld, aber auch die Zahl der Infektionen. Was tun? Ein Pro und Contra",Lockern oder Lockdown?,http://www.zeit.de/2021/09/corona-massnahmen-deutschland-lockdown-lockerungen-pro-contra
80,So soll das Impfchaos beendet werden,2021-03-19T20:18:48Z," auch die Vakzine des durch Staatsbeteiligung unterstützten Herstellers <em>CureVac</em>: Hier werden 3,5 Millionen Dosen erwartet.  ","Hausärzte impfen schon nach Ostern mit, die Grenzregionen erhalten zusätzliche Dosen: die wichtigsten Entscheidungen des Impfgipfels im Überblick.",So soll das Impfchaos beendet werden,http://www.zeit.de/politik/deutschland/2021-03/bund-laender-konferenz-impfung-corona-bundeslaender-kanzleramt
81,Die Odyssee des Oxford-Impfstoffs,2021-03-17T16:02:29Z," Menschen zugelassen.
Das verhieß dem Oxford-Team und seinem Partner, dem britisch-schwedischen Konzern AstraZeneca, einen Vorsprung. Denn Konkurrenten wie BioNTech, Moderna und <em>CureVac</em> setzten auf die",Probleme begleiteten AstraZeneca schon durch Erprobung und Zulassung. In den Studien gab es Fehler und ein Durcheinander. Doch die Vakzine gilt auch als Hoffnungsträger.,Die Odyssee des Oxford-Impfstoffs,http://www.zeit.de/2021/12/astrazeneca-impfstoff-zulassung-studie-oxford-vakzin
